Week,Session Number,Session Title,Domain,Plan,Title from Dump,Dump Session ID,Part Number,Part Name,Part Duration,Part Duration Sec,Video Link,Content Fit,Source,Dump Data Warning
1,1.1,Python — Introduction to programming + Python basics,Python,Students · PSE Focus · 3 sessions/week · 15 weeks,FDN_Tech_1: Python Basics and Problem Discussions,6a324afd70f9341990ad7cfb,1,Introduction to programming language,35m42s,2142.5,https://cdn.masaischool.com/hls-videos/158459/6a2c04d30b4e7313aec25f28/master.m3u8,PASS — Python/AIML Topics or Python-track title,Topics[:src] of Dump Session ID only,
1,1.1,Python — Introduction to programming + Python basics,Python,Students · PSE Focus · 3 sessions/week · 15 weeks,FDN_Tech_1: Python Basics and Problem Discussions,6a324afd70f9341990ad7cfb,2,Introduction to programming language - Revision,9m12s,551.57,https://cdn.masaischool.com/sal-videos/6756eb497cb2703e9e93e4c4/6756de4063a84726545f5ff3/master.m3u8,PASS — Python/AIML Topics or Python-track title,Topics[:src] of Dump Session ID only,
1,1.1,Python — Introduction to programming + Python basics,Python,Students · PSE Focus · 3 sessions/week · 15 weeks,FDN_Tech_1: Python Basics and Problem Discussions,6a324afd70f9341990ad7cfb,3,Introduction to programming language - IA Discussion,3m27s,207.22,https://cdn.masaischool.com/sal-videos/6756eb497cb2703e9e93e4c4/6756de4063a84726545f5ff0/master.m3u8,PASS — Python/AIML Topics or Python-track title,Topics[:src] of Dump Session ID only,
1,1.1,Python — Introduction to programming + Python basics,Python,Students · PSE Focus · 3 sessions/week · 15 weeks,FDN_Tech_1: Python Basics and Problem Discussions,6a324afd70f9341990ad7cfb,4,Introduction to python and variables,15m15s,914.85,https://cdn.masaischool.com/sal-videos/6756eb497cb2703e9e93e4c4/6756de40d60f7be9e276e6c7/master.m3u8,PASS — Python/AIML Topics or Python-track title,Topics[:src] of Dump Session ID only,
1,1.1,Python — Introduction to programming + Python basics,Python,Students · PSE Focus · 3 sessions/week · 15 weeks,FDN_Tech_1: Python Basics and Problem Discussions,6a324afd70f9341990ad7cfb,5,Introduction to python and variables - Revision,7m52s,471.57,https://cdn.masaischool.com/sal-videos/6756eb497cb2703e9e93e4c4/6756de40d60f7be9e276e6c5/master.m3u8,PASS — Python/AIML Topics or Python-track title,Topics[:src] of Dump Session ID only,
1,1.1,Python — Introduction to programming + Python basics,Python,Students · PSE Focus · 3 sessions/week · 15 weeks,FDN_Tech_1: Python Basics and Problem Discussions,6a324afd70f9341990ad7cfb,6,Introduction to data types,16m26s,985.7,https://cdn.masaischool.com/sal-videos/6756eb497cb2703e9e93e4c4/6756de40d60f7be9e276e6c0/master.m3u8,PASS — Python/AIML Topics or Python-track title,Topics[:src] of Dump Session ID only,
1,1.1,Python — Introduction to programming + Python basics,Python,Students · PSE Focus · 3 sessions/week · 15 weeks,FDN_Tech_1: Python Basics and Problem Discussions,6a324afd70f9341990ad7cfb,7,Introduction to data types - Revision,6m12s,371.98,https://cdn.masaischool.com/sal-videos/6756eb497cb2703e9e93e4c4/6756de405222d1a7afdc9728/master.m3u8,PASS — Python/AIML Topics or Python-track title,Topics[:src] of Dump Session ID only,
1,1.1,Python — Introduction to programming + Python basics,Python,Students · PSE Focus · 3 sessions/week · 15 weeks,FDN_Tech_1: Python Basics and Problem Discussions,6a324afd70f9341990ad7cfb,8,Session Feedback,1m00s,60.0,https://cdn.masaischool.com/hls-videos/158462/6a2c068d0b4e7313aec25f2c/master.m3u8,PASS — Python/AIML Topics or Python-track title,Topics[:src] of Dump Session ID only,
1,1.2,Python — Operators and conditional statements,Python,Students · PSE Focus · 3 sessions/week · 15 weeks,FDN_Tech_2: Python Building Block: Operators and conditional statements in python,6a2bf91c71a0310a05c77ddd,1,Mathematical operators,49m41s,2981.5,https://cdn.masaischool.com/hls-videos/158461/6a2c04e50b4e7313aec25f2a/master.m3u8,PASS — Python/AIML Topics or Python-track title,Topics[:src] of Dump Session ID only,
1,1.2,Python — Operators and conditional statements,Python,Students · PSE Focus · 3 sessions/week · 15 weeks,FDN_Tech_2: Python Building Block: Operators and conditional statements in python,6a2bf91c71a0310a05c77ddd,2,Mathematical operators - Revision,7m10s,429.58,https://cdn.masaischool.com/sal-videos/67584a45d2a87ed37198b7e7/6758472706dc6d2987d0fdd7/master.m3u8,PASS — Python/AIML Topics or Python-track title,Topics[:src] of Dump Session ID only,
1,1.2,Python — Operators and conditional statements,Python,Students · PSE Focus · 3 sessions/week · 15 weeks,FDN_Tech_2: Python Building Block: Operators and conditional statements in python,6a2bf91c71a0310a05c77ddd,3,Mathematical operators - IA Discussion,4m17s,257.0,https://cdn.masaischool.com/sal-videos/67584a45d2a87ed37198b7e7/67584727cf41893ec56beb31/master.m3u8,PASS — Python/AIML Topics or Python-track title,Topics[:src] of Dump Session ID only,
1,1.2,Python — Operators and conditional statements,Python,Students · PSE Focus · 3 sessions/week · 15 weeks,FDN_Tech_2: Python Building Block: Operators and conditional statements in python,6a2bf91c71a0310a05c77ddd,4,Conditional statements,29m16s,1755.63,https://cdn.masaischool.com/hls-videos/158460/6a2c04db0b4e7313aec25f29/master.m3u8,PASS — Python/AIML Topics or Python-track title,Topics[:src] of Dump Session ID only,
1,1.2,Python — Operators and conditional statements,Python,Students · PSE Focus · 3 sessions/week · 15 weeks,FDN_Tech_2: Python Building Block: Operators and conditional statements in python,6a2bf91c71a0310a05c77ddd,5,Conditional statements - Revision,5m51s,350.63,https://cdn.masaischool.com/sal-videos/67584a45d2a87ed37198b7e7/67584727977ce5909271b2f7/master.m3u8,PASS — Python/AIML Topics or Python-track title,Topics[:src] of Dump Session ID only,
1,1.3,Python — Control flow: conditionals and loops,Python,Students · PSE Focus · 3 sessions/week · 15 weeks,FDN_Tech_3: Mastering Control Flow: Conditional and Loop in Python,6a3526ea70f9341990b1a706,1,While Loops - Concept,52m50s,3170.23,https://cdn.masaischool.com/hls-videos/158849/6a33b7550b4e7313aec260cd/master.m3u8,PASS — Python/AIML Topics or Python-track title,Topics[:src] of Dump Session ID only,
1,1.3,Python — Control flow: conditionals and loops,Python,Students · PSE Focus · 3 sessions/week · 15 weeks,FDN_Tech_3: Mastering Control Flow: Conditional and Loop in Python,6a3526ea70f9341990b1a706,2,While Loops - Revision,6m52s,411.5,https://cdn.masaischool.com/sal-videos/67597b935f06a365b17c4be7/675975d94b6d869434a86842/master.m3u8,PASS — Python/AIML Topics or Python-track title,Topics[:src] of Dump Session ID only,
1,1.3,Python — Control flow: conditionals and loops,Python,Students · PSE Focus · 3 sessions/week · 15 weeks,FDN_Tech_3: Mastering Control Flow: Conditional and Loop in Python,6a3526ea70f9341990b1a706,3,IA Discussion,3m27s,207.0,https://cdn.masaischool.com/sal-videos/67597b935f06a365b17c4be7/6759761afea2465d7e53d307/master.m3u8,PASS — Python/AIML Topics or Python-track title,Topics[:src] of Dump Session ID only,
1,1.3,Python — Control flow: conditionals and loops,Python,Students · PSE Focus · 3 sessions/week · 15 weeks,FDN_Tech_3: Mastering Control Flow: Conditional and Loop in Python,6a3526ea70f9341990b1a706,4,For Loops - Concept,30m07s,1807.23,https://cdn.masaischool.com/hls-videos/158850/6a33b79a0b4e7313aec260ce/master.m3u8,PASS — Python/AIML Topics or Python-track title,Topics[:src] of Dump Session ID only,
1,1.3,Python — Control flow: conditionals and loops,Python,Students · PSE Focus · 3 sessions/week · 15 weeks,FDN_Tech_3: Mastering Control Flow: Conditional and Loop in Python,6a3526ea70f9341990b1a706,5,For Loops - Revision,5m52s,352.43,https://cdn.masaischool.com/sal-videos/67597b935f06a365b17c4be7/6759788efea2465d7e53e621/master.m3u8,PASS — Python/AIML Topics or Python-track title,Topics[:src] of Dump Session ID only,
1,1.3,Python — Control flow: conditionals and loops,Python,Students · PSE Focus · 3 sessions/week · 15 weeks,FDN_Tech_3: Mastering Control Flow: Conditional and Loop in Python,6a3526ea70f9341990b1a706,6,IA Discussion,3m27s,207.0,https://cdn.masaischool.com/sal-videos/67597b935f06a365b17c4be7/675978c14b6d869434a87ecd/master.m3u8,PASS — Python/AIML Topics or Python-track title,Topics[:src] of Dump Session ID only,
2,2.1,"Python — break, continue, and nested loops",Python,Students · PSE Focus · 3 sessions/week · 15 weeks,"FDN_Tech_4: Understanding break, continue, and Nested Loops",6a3e87829cb306ef33d40829,1,Break and Continue concept,47m14s,2834.17,https://cdn.masaischool.com/hls-videos/160100/6a3e742f0b4e7313aec263bb/master.m3u8,PASS — Python/AIML Topics or Python-track title,Topics[:src] of Dump Session ID only,
2,2.1,"Python — break, continue, and nested loops",Python,Students · PSE Focus · 3 sessions/week · 15 weeks,"FDN_Tech_4: Understanding break, continue, and Nested Loops",6a3e87829cb306ef33d40829,2,Break and Continue Revision,8m10s,489.6,https://cdn.masaischool.com/sal-videos/675ae6a486fcca88cd6e56a1/675ae0b3000463ee4da30208/master.m3u8,PASS — Python/AIML Topics or Python-track title,Topics[:src] of Dump Session ID only,
2,2.1,"Python — break, continue, and nested loops",Python,Students · PSE Focus · 3 sessions/week · 15 weeks,"FDN_Tech_4: Understanding break, continue, and Nested Loops",6a3e87829cb306ef33d40829,3,IA Discussion,5m01s,300.65,https://cdn.masaischool.com/sal-videos/675ae6a486fcca88cd6e56a1/675ae0e3594ead3fde98144f/master.m3u8,PASS — Python/AIML Topics or Python-track title,Topics[:src] of Dump Session ID only,
2,2.1,"Python — break, continue, and nested loops",Python,Students · PSE Focus · 3 sessions/week · 15 weeks,"FDN_Tech_4: Understanding break, continue, and Nested Loops",6a3e87829cb306ef33d40829,4,Nested Loops Concept,28m36s,1715.87,https://cdn.masaischool.com/hls-videos/160101/6a3e75110b4e7313aec263bc/master.m3u8,PASS — Python/AIML Topics or Python-track title,Topics[:src] of Dump Session ID only,
2,2.1,"Python — break, continue, and nested loops",Python,Students · PSE Focus · 3 sessions/week · 15 weeks,"FDN_Tech_4: Understanding break, continue, and Nested Loops",6a3e87829cb306ef33d40829,5,Nested Loops Revision,12m13s,732.98,https://cdn.masaischool.com/sal-videos/675ae6a486fcca88cd6e56a1/675ae168c0b4be8ebd80d014/master.m3u8,PASS — Python/AIML Topics or Python-track title,Topics[:src] of Dump Session ID only,
2,2.2,"Python — IDEs, Anaconda, loops & conditionals in action",Python,Students · PSE Focus · 3 sessions/week · 15 weeks,"PTBAM01S1_2504_S01: IDEs, Control Flow, and Data Structures",678e69ed675aec20b216e605,1,Ides & Anaconda Installation Concept,59m36s,3576.0,https://cdn.masaischool.com/sal-videos/6768757e2e40300d15aec1ab/676844938f5e80dcc0b25e05/master.m3u8,PASS — Python/AIML Topics or Python-track title,Topics[:src] of Dump Session ID only,
2,2.2,"Python — IDEs, Anaconda, loops & conditionals in action",Python,Students · PSE Focus · 3 sessions/week · 15 weeks,"PTBAM01S1_2504_S01: IDEs, Control Flow, and Data Structures",678e69ed675aec20b216e605,2,Ides & Anaconda Installation Revision,10m33s,633.0,https://cdn.masaischool.com/sal-videos/6768757e2e40300d15aec1ab/676844b22fbe90b354d36c19/master.m3u8,PASS — Python/AIML Topics or Python-track title,Topics[:src] of Dump Session ID only,
2,2.2,"Python — IDEs, Anaconda, loops & conditionals in action",Python,Students · PSE Focus · 3 sessions/week · 15 weeks,"PTBAM01S1_2504_S01: IDEs, Control Flow, and Data Structures",678e69ed675aec20b216e605,3,IA Discussion,5m23s,323.0,https://cdn.masaischool.com/sal-videos/6768757e2e40300d15aec1ab/676845468f5e80dcc0b26119/master.m3u8,PASS — Python/AIML Topics or Python-track title,Topics[:src] of Dump Session ID only,
2,2.2,"Python — IDEs, Anaconda, loops & conditionals in action",Python,Students · PSE Focus · 3 sessions/week · 15 weeks,"PTBAM01S1_2504_S01: IDEs, Control Flow, and Data Structures",678e69ed675aec20b216e605,4,Loops and Conditionals statements in action Concept,32m21s,1941.0,https://cdn.masaischool.com/sal-videos/6768757e2e40300d15aec1ab/676844d02fbe90b354d36cc2/master.m3u8,PASS — Python/AIML Topics or Python-track title,Topics[:src] of Dump Session ID only,
2,2.2,"Python — IDEs, Anaconda, loops & conditionals in action",Python,Students · PSE Focus · 3 sessions/week · 15 weeks,"PTBAM01S1_2504_S01: IDEs, Control Flow, and Data Structures",678e69ed675aec20b216e605,5,Loops and Conditionals statements in action Revision,25m03s,1503.0,https://cdn.masaischool.com/sal-videos/6768757e2e40300d15aec1ab/676844f0a080a6ad1603baa8/master.m3u8,PASS — Python/AIML Topics or Python-track title,Topics[:src] of Dump Session ID only,
2,2.2,"Python — IDEs, Anaconda, loops & conditionals in action",Python,Students · PSE Focus · 3 sessions/week · 15 weeks,"PTBAM01S1_2504_S01: IDEs, Control Flow, and Data Structures",678e69ed675aec20b216e605,6,Data Structures in action concept,34m30s,2070.0,https://cdn.masaischool.com/sal-videos/6768757e2e40300d15aec1ab/676845092fbe90b354d36d9c/master.m3u8,PASS — Python/AIML Topics or Python-track title,Topics[:src] of Dump Session ID only,
2,2.2,"Python — IDEs, Anaconda, loops & conditionals in action",Python,Students · PSE Focus · 3 sessions/week · 15 weeks,"PTBAM01S1_2504_S01: IDEs, Control Flow, and Data Structures",678e69ed675aec20b216e605,7,Data Structures in action Revision,24m27s,1467.0,https://cdn.masaischool.com/sal-videos/6768757e2e40300d15aec1ab/67684527a080a6ad1603bb77/master.m3u8,PASS — Python/AIML Topics or Python-track title,Topics[:src] of Dump Session ID only,
2,2.3,Python — The power of functions,Python,Students · PSE Focus · 3 sessions/week · 15 weeks,PTBAM01S1_2512_S03: The Power of Python Functions,67d8647015193d6d14bd7954,1,New Scene,37m28s,2247.55,https://cdn.masaischool.com/sal-videos/676e9013631470e143da5fac/676e8dc299aa18a0c2743938/master.m3u8,PASS — Python/AIML Topics or Python-track title,Topics[:src] of Dump Session ID only,
2,2.3,Python — The power of functions,Python,Students · PSE Focus · 3 sessions/week · 15 weeks,PTBAM01S1_2512_S03: The Power of Python Functions,67d8647015193d6d14bd7954,2,New Scene,8m42s,522.08,https://cdn.masaischool.com/sal-videos/676e9013631470e143da5fac/676e8de0f936951f1cb65f17/master.m3u8,PASS — Python/AIML Topics or Python-track title,Topics[:src] of Dump Session ID only,
2,2.3,Python — The power of functions,Python,Students · PSE Focus · 3 sessions/week · 15 weeks,PTBAM01S1_2512_S03: The Power of Python Functions,67d8647015193d6d14bd7954,3,New Scene,5m45s,344.75,https://cdn.masaischool.com/sal-videos/676e9013631470e143da5fac/676e8f0799aa18a0c27449bb/master.m3u8,PASS — Python/AIML Topics or Python-track title,Topics[:src] of Dump Session ID only,
2,2.3,Python — The power of functions,Python,Students · PSE Focus · 3 sessions/week · 15 weeks,PTBAM01S1_2512_S03: The Power of Python Functions,67d8647015193d6d14bd7954,4,New Scene,37m47s,2266.68,https://cdn.masaischool.com/sal-videos/676e9013631470e143da5fac/676e8e1599aa18a0c2743caf/master.m3u8,PASS — Python/AIML Topics or Python-track title,Topics[:src] of Dump Session ID only,
2,2.3,Python — The power of functions,Python,Students · PSE Focus · 3 sessions/week · 15 weeks,PTBAM01S1_2512_S03: The Power of Python Functions,67d8647015193d6d14bd7954,5,New Scene,18m43s,1123.28,https://cdn.masaischool.com/sal-videos/676e9013631470e143da5fac/676e8e0199aa18a0c2743bf9/master.m3u8,PASS — Python/AIML Topics or Python-track title,Topics[:src] of Dump Session ID only,
2,2.3,Python — The power of functions,Python,Students · PSE Focus · 3 sessions/week · 15 weeks,PTBAM01S1_2512_S03: The Power of Python Functions,67d8647015193d6d14bd7954,6,New Scene,24m44s,1484.28,https://cdn.masaischool.com/sal-videos/676e9013631470e143da5fac/676e8e46f936951f1cb66352/master.m3u8,PASS — Python/AIML Topics or Python-track title,Topics[:src] of Dump Session ID only,
2,2.3,Python — The power of functions,Python,Students · PSE Focus · 3 sessions/week · 15 weeks,PTBAM01S1_2512_S03: The Power of Python Functions,67d8647015193d6d14bd7954,7,New Scene,18m14s,1093.82,https://cdn.masaischool.com/sal-videos/676e9013631470e143da5fac/676e8e65f936951f1cb664a4/master.m3u8,PASS — Python/AIML Topics or Python-track title,Topics[:src] of Dump Session ID only,
3,3.1,Python — Advanced functions,Python,Students · PSE Focus · 3 sessions/week · 15 weeks,CC_Block_02_S01: Advanced Python Functions,684fbecedceadf1bb49a7627,1,New Scene,41m53s,2512.75,https://cdn.masaischool.com/sal-videos/676edd0c631470e143e02dbe/676ed5804ee6c592aacf519f/master.m3u8,PASS — Python/AIML Topics or Python-track title,Topics[:src] of Dump Session ID only,
3,3.1,Python — Advanced functions,Python,Students · PSE Focus · 3 sessions/week · 15 weeks,CC_Block_02_S01: Advanced Python Functions,684fbecedceadf1bb49a7627,2,New Scene,20m18s,1218.15,https://cdn.masaischool.com/sal-videos/676edd0c631470e143e02dbe/676ed5a199aa18a0c27639cf/master.m3u8,PASS — Python/AIML Topics or Python-track title,Topics[:src] of Dump Session ID only,
3,3.1,Python — Advanced functions,Python,Students · PSE Focus · 3 sessions/week · 15 weeks,CC_Block_02_S01: Advanced Python Functions,684fbecedceadf1bb49a7627,3,New Scene,6m04s,364.28,https://cdn.masaischool.com/sal-videos/676edd0c631470e143e02dbe/676ed6694ee6c592aacf582e/master.m3u8,PASS — Python/AIML Topics or Python-track title,Topics[:src] of Dump Session ID only,
3,3.1,Python — Advanced functions,Python,Students · PSE Focus · 3 sessions/week · 15 weeks,CC_Block_02_S01: Advanced Python Functions,684fbecedceadf1bb49a7627,4,New Scene,28m42s,1722.02,https://cdn.masaischool.com/sal-videos/676edd0c631470e143e02dbe/676ed5c34ee6c592aacf5396/master.m3u8,PASS — Python/AIML Topics or Python-track title,Topics[:src] of Dump Session ID only,
3,3.1,Python — Advanced functions,Python,Students · PSE Focus · 3 sessions/week · 15 weeks,CC_Block_02_S01: Advanced Python Functions,684fbecedceadf1bb49a7627,5,New Scene,18m22s,1102.08,https://cdn.masaischool.com/sal-videos/676edd0c631470e143e02dbe/676ed5e499aa18a0c2763c17/master.m3u8,PASS — Python/AIML Topics or Python-track title,Topics[:src] of Dump Session ID only,
3,3.1,Python — Advanced functions,Python,Students · PSE Focus · 3 sessions/week · 15 weeks,CC_Block_02_S01: Advanced Python Functions,684fbecedceadf1bb49a7627,6,New Scene,24m13s,1453.42,https://cdn.masaischool.com/sal-videos/676edd0c631470e143e02dbe/676ed6004ee6c592aacf554f/master.m3u8,PASS — Python/AIML Topics or Python-track title,Topics[:src] of Dump Session ID only,
3,3.1,Python — Advanced functions,Python,Students · PSE Focus · 3 sessions/week · 15 weeks,CC_Block_02_S01: Advanced Python Functions,684fbecedceadf1bb49a7627,7,New Scene,17m16s,1035.95,https://cdn.masaischool.com/sal-videos/676edd0c631470e143e02dbe/676ed625f936951f1cb85d5d/master.m3u8,PASS — Python/AIML Topics or Python-track title,Topics[:src] of Dump Session ID only,
3,3.2,"Python — Role in data science, regex & exception handling",Python,Students · PSE Focus · 3 sessions/week · 15 weeks,PTBAM01S1_2504_S02: Mastering Regex and Exception Handling,678f4dbb675aec20b221bf7e,1,Python's Role in Data Science: A High-Level Overview Concept,24m31s,1471.0,https://cdn.masaischool.com/sal-videos/676d372bfca95c6dc3285ab5/676d32c25c466f600fef3ae7/master.m3u8,PASS — Python/AIML Topics or Python-track title,Topics[:src] of Dump Session ID only,
3,3.2,"Python — Role in data science, regex & exception handling",Python,Students · PSE Focus · 3 sessions/week · 15 weeks,PTBAM01S1_2504_S02: Mastering Regex and Exception Handling,678f4dbb675aec20b221bf7e,2,Python's Role in Data Science: A High-Level Overview Revision,9m33s,573.0,https://cdn.masaischool.com/sal-videos/676d372bfca95c6dc3285ab5/676d32e6fb87dca19b540ab3/master.m3u8,PASS — Python/AIML Topics or Python-track title,Topics[:src] of Dump Session ID only,
3,3.2,"Python — Role in data science, regex & exception handling",Python,Students · PSE Focus · 3 sessions/week · 15 weeks,PTBAM01S1_2504_S02: Mastering Regex and Exception Handling,678f4dbb675aec20b221bf7e,3,IA Discussion,5m57s,357.0,https://cdn.masaischool.com/sal-videos/676d372bfca95c6dc3285ab5/676d34c2fb87dca19b541502/master.m3u8,PASS — Python/AIML Topics or Python-track title,Topics[:src] of Dump Session ID only,
3,3.2,"Python — Role in data science, regex & exception handling",Python,Students · PSE Focus · 3 sessions/week · 15 weeks,PTBAM01S1_2504_S02: Mastering Regex and Exception Handling,678f4dbb675aec20b221bf7e,4,Mastering Regex: Unlock the Power of Pattern Matching Concept,28m14s,1694.0,https://cdn.masaischool.com/sal-videos/676d372bfca95c6dc3285ab5/676d339de52b1079305b2543/master.m3u8,PASS — Python/AIML Topics or Python-track title,Topics[:src] of Dump Session ID only,
3,3.2,"Python — Role in data science, regex & exception handling",Python,Students · PSE Focus · 3 sessions/week · 15 weeks,PTBAM01S1_2504_S02: Mastering Regex and Exception Handling,678f4dbb675aec20b221bf7e,5,Mastering Regex: Unlock the Power of Pattern Matching Revision,21m28s,1288.0,https://cdn.masaischool.com/sal-videos/676d372bfca95c6dc3285ab5/676d33c0e52b1079305b2609/master.m3u8,PASS — Python/AIML Topics or Python-track title,Topics[:src] of Dump Session ID only,
3,3.2,"Python — Role in data science, regex & exception handling",Python,Students · PSE Focus · 3 sessions/week · 15 weeks,PTBAM01S1_2504_S02: Mastering Regex and Exception Handling,678f4dbb675aec20b221bf7e,6,Exception Handling: Building Resilient Python Applications Concept,35m33s,2133.0,https://cdn.masaischool.com/sal-videos/676d372bfca95c6dc3285ab5/676d3428e52b1079305b281f/master.m3u8,PASS — Python/AIML Topics or Python-track title,Topics[:src] of Dump Session ID only,
3,3.2,"Python — Role in data science, regex & exception handling",Python,Students · PSE Focus · 3 sessions/week · 15 weeks,PTBAM01S1_2504_S02: Mastering Regex and Exception Handling,678f4dbb675aec20b221bf7e,7,Exception Handling: Building Resilient Python Applications Revision,23m21s,1401.0,https://cdn.masaischool.com/sal-videos/676d372bfca95c6dc3285ab5/676d34375c466f600fef430b/master.m3u8,PASS — Python/AIML Topics or Python-track title,Topics[:src] of Dump Session ID only,
3,3.3,Python — Code modularization,Python,Students · PSE Focus · 3 sessions/week · 15 weeks,PTBAM01S2_2505_S01: Understanding the Code Modulerization,6797d2138e04cb37cb880056,1,New Scene,33m54s,2034.0,https://cdn.masaischool.com/sal-videos/6773dfdefbc02bfb9b42adf0/67739bad78796e577c9d3e71/master.m3u8,PASS — Python/AIML Topics or Python-track title,Topics[:src] of Dump Session ID only,
3,3.3,Python — Code modularization,Python,Students · PSE Focus · 3 sessions/week · 15 weeks,PTBAM01S2_2505_S01: Understanding the Code Modulerization,6797d2138e04cb37cb880056,2,New Scene,18m17s,1097.0,https://cdn.masaischool.com/sal-videos/6773dfdefbc02bfb9b42adf0/6773b81978796e577c9dd234/master.m3u8,PASS — Python/AIML Topics or Python-track title,Topics[:src] of Dump Session ID only,
3,3.3,Python — Code modularization,Python,Students · PSE Focus · 3 sessions/week · 15 weeks,PTBAM01S2_2505_S01: Understanding the Code Modulerization,6797d2138e04cb37cb880056,3,IA Discussion,5m33s,333.0,https://cdn.masaischool.com/sal-videos/6773dfdefbc02bfb9b42adf0/6773bf8178796e577c9e1557/master.m3u8,PASS — Python/AIML Topics or Python-track title,Topics[:src] of Dump Session ID only,
3,3.3,Python — Code modularization,Python,Students · PSE Focus · 3 sessions/week · 15 weeks,PTBAM01S2_2505_S01: Understanding the Code Modulerization,6797d2138e04cb37cb880056,4,New Scene,40m51s,2451.15,https://cdn.masaischool.com/sal-videos/6773dfdefbc02bfb9b42adf0/6773ba514ee6c592aae75ffa/master.m3u8,PASS — Python/AIML Topics or Python-track title,Topics[:src] of Dump Session ID only,
3,3.3,Python — Code modularization,Python,Students · PSE Focus · 3 sessions/week · 15 weeks,PTBAM01S2_2505_S01: Understanding the Code Modulerization,6797d2138e04cb37cb880056,5,New Scene,18m23s,1103.0,https://cdn.masaischool.com/sal-videos/6773dfdefbc02bfb9b42adf0/6773be0378796e577c9e0824/master.m3u8,PASS — Python/AIML Topics or Python-track title,Topics[:src] of Dump Session ID only,
3,3.3,Python — Code modularization,Python,Students · PSE Focus · 3 sessions/week · 15 weeks,PTBAM01S2_2505_S01: Understanding the Code Modulerization,6797d2138e04cb37cb880056,6,New Scene,30m48s,1848.08,https://cdn.masaischool.com/sal-videos/6773dfdefbc02bfb9b42adf0/6773be2578796e577c9e09d6/master.m3u8,PASS — Python/AIML Topics or Python-track title,Topics[:src] of Dump Session ID only,
3,3.3,Python — Code modularization,Python,Students · PSE Focus · 3 sessions/week · 15 weeks,PTBAM01S2_2505_S01: Understanding the Code Modulerization,6797d2138e04cb37cb880056,7,New Scene,18m25s,1105.0,https://cdn.masaischool.com/sal-videos/6773dfdefbc02bfb9b42adf0/6773bf4878796e577c9e13b8/master.m3u8,PASS — Python/AIML Topics or Python-track title,Topics[:src] of Dump Session ID only,
4,4.1,"Python — Data structures (lists, strings, sets, tuples, dicts)",Python,Students · PSE Focus · 3 sessions/week · 15 weeks,PTBAM00S1_2504_S05: Data Structures in Python,67938e5f5c1716b998075305,1,Lists - Concept,29m26s,1765.5,https://cdn.masaischool.com/sal-videos/675c348086fcca88cd71aaed/675c31834b1ce9ca6c96d235/master.m3u8,PASS — Python/AIML Topics or Python-track title,Topics[:src] of Dump Session ID only,
4,4.1,"Python — Data structures (lists, strings, sets, tuples, dicts)",Python,Students · PSE Focus · 3 sessions/week · 15 weeks,PTBAM00S1_2504_S05: Data Structures in Python,67938e5f5c1716b998075305,2,Lists - Revision,5m34s,334.27,https://cdn.masaischool.com/sal-videos/675c348086fcca88cd71aaed/675c322875669f4edaec6d0a/master.m3u8,PASS — Python/AIML Topics or Python-track title,Topics[:src] of Dump Session ID only,
4,4.1,"Python — Data structures (lists, strings, sets, tuples, dicts)",Python,Students · PSE Focus · 3 sessions/week · 15 weeks,PTBAM00S1_2504_S05: Data Structures in Python,67938e5f5c1716b998075305,3,IA Discussion,2m51s,171.0,https://cdn.masaischool.com/sal-videos/675c348086fcca88cd71aaed/675c32c575669f4edaec731b/master.m3u8,PASS — Python/AIML Topics or Python-track title,Topics[:src] of Dump Session ID only,
4,4.1,"Python — Data structures (lists, strings, sets, tuples, dicts)",Python,Students · PSE Focus · 3 sessions/week · 15 weeks,PTBAM00S1_2504_S05: Data Structures in Python,67938e5f5c1716b998075305,4,Strings - Concept,13m53s,833.03,https://cdn.masaischool.com/sal-videos/675c348086fcca88cd71aaed/675c32614b1ce9ca6c96dc23/master.m3u8,PASS — Python/AIML Topics or Python-track title,Topics[:src] of Dump Session ID only,
4,4.1,"Python — Data structures (lists, strings, sets, tuples, dicts)",Python,Students · PSE Focus · 3 sessions/week · 15 weeks,PTBAM00S1_2504_S05: Data Structures in Python,67938e5f5c1716b998075305,5,Strings - Revision,5m02s,302.47,https://cdn.masaischool.com/sal-videos/675c348086fcca88cd71aaed/675c329075669f4edaec703d/master.m3u8,PASS — Python/AIML Topics or Python-track title,Topics[:src] of Dump Session ID only,
4,4.1,"Python — Data structures (lists, strings, sets, tuples, dicts)",Python,Students · PSE Focus · 3 sessions/week · 15 weeks,PTBAM00S1_2504_S05: Data Structures in Python,67938e5f5c1716b998075305,6,Set and Tuples,38m37s,2317.1,https://cdn.masaischool.com/sal-videos/675d0c7686fcca88cd729342/675d0a70c9f25eced4da3de0/master.m3u8,PASS — Python/AIML Topics or Python-track title,Topics[:src] of Dump Session ID only,
4,4.1,"Python — Data structures (lists, strings, sets, tuples, dicts)",Python,Students · PSE Focus · 3 sessions/week · 15 weeks,PTBAM00S1_2504_S05: Data Structures in Python,67938e5f5c1716b998075305,7,Set and Tuples - Revision,3m44s,223.73,https://cdn.masaischool.com/sal-videos/675d0c7686fcca88cd729342/675d0a9f75669f4edaf2da85/master.m3u8,PASS — Python/AIML Topics or Python-track title,Topics[:src] of Dump Session ID only,
4,4.1,"Python — Data structures (lists, strings, sets, tuples, dicts)",Python,Students · PSE Focus · 3 sessions/week · 15 weeks,PTBAM00S1_2504_S05: Data Structures in Python,67938e5f5c1716b998075305,8,Dictionaries,30m19s,1819.25,https://cdn.masaischool.com/sal-videos/675d0c7686fcca88cd729342/675d0ac64b1ce9ca6c9d2eeb/master.m3u8,PASS — Python/AIML Topics or Python-track title,Topics[:src] of Dump Session ID only,
4,4.1,"Python — Data structures (lists, strings, sets, tuples, dicts)",Python,Students · PSE Focus · 3 sessions/week · 15 weeks,PTBAM00S1_2504_S05: Data Structures in Python,67938e5f5c1716b998075305,9,Dictionaries,5m03s,303.45,https://cdn.masaischool.com/sal-videos/675d0c7686fcca88cd729342/675d0ae975669f4edaf2dc3f/master.m3u8,PASS — Python/AIML Topics or Python-track title,Topics[:src] of Dump Session ID only,
4,4.2,"Python — Classes, objects and constructors (OOP)",Python,Students · PSE Focus · 3 sessions/week · 15 weeks,PTBAM01S2_2505_S02: Application of class objects and constructos,6798cb875968d8d661c53158,1,New Scene,32m13s,1933.0,https://cdn.masaischool.com/sal-videos/677670dae9b7943a15cd5af9/67765a280759e7f9b0766be5/master.m3u8,PASS — Python/AIML Topics or Python-track title,Topics[:src] of Dump Session ID only,
4,4.2,"Python — Classes, objects and constructors (OOP)",Python,Students · PSE Focus · 3 sessions/week · 15 weeks,PTBAM01S2_2505_S02: Application of class objects and constructos,6798cb875968d8d661c53158,2,New Scene,16m21s,981.48,https://cdn.masaischool.com/sal-videos/677670dae9b7943a15cd5af9/67765ac96a4b9b81791cd6d9/master.m3u8,PASS — Python/AIML Topics or Python-track title,Topics[:src] of Dump Session ID only,
4,4.2,"Python — Classes, objects and constructors (OOP)",Python,Students · PSE Focus · 3 sessions/week · 15 weeks,PTBAM01S2_2505_S02: Application of class objects and constructos,6798cb875968d8d661c53158,3,New Scene,5m24s,324.0,https://cdn.masaischool.com/sal-videos/677670dae9b7943a15cd5af9/67765bb06a4b9b81791cdb48/master.m3u8,PASS — Python/AIML Topics or Python-track title,Topics[:src] of Dump Session ID only,
4,4.2,"Python — Classes, objects and constructors (OOP)",Python,Students · PSE Focus · 3 sessions/week · 15 weeks,PTBAM01S2_2505_S02: Application of class objects and constructos,6798cb875968d8d661c53158,4,New Scene,33m17s,1996.82,https://cdn.masaischool.com/sal-videos/677670dae9b7943a15cd5af9/67765b03fa0467715ebb93af/master.m3u8,PASS — Python/AIML Topics or Python-track title,Topics[:src] of Dump Session ID only,
4,4.2,"Python — Classes, objects and constructors (OOP)",Python,Students · PSE Focus · 3 sessions/week · 15 weeks,PTBAM01S2_2505_S02: Application of class objects and constructos,6798cb875968d8d661c53158,5,New Scene,20m08s,1208.48,https://cdn.masaischool.com/sal-videos/677670dae9b7943a15cd5af9/67765b2a6a4b9b81791cd898/master.m3u8,PASS — Python/AIML Topics or Python-track title,Topics[:src] of Dump Session ID only,
4,4.2,"Python — Classes, objects and constructors (OOP)",Python,Students · PSE Focus · 3 sessions/week · 15 weeks,PTBAM01S2_2505_S02: Application of class objects and constructos,6798cb875968d8d661c53158,6,New Scene,25m17s,1516.75,https://cdn.masaischool.com/sal-videos/677670dae9b7943a15cd5af9/67765b586a4b9b81791cd9d7/master.m3u8,PASS — Python/AIML Topics or Python-track title,Topics[:src] of Dump Session ID only,
4,4.2,"Python — Classes, objects and constructors (OOP)",Python,Students · PSE Focus · 3 sessions/week · 15 weeks,PTBAM01S2_2505_S02: Application of class objects and constructos,6798cb875968d8d661c53158,7,New Scene,16m41s,1000.55,https://cdn.masaischool.com/sal-videos/677670dae9b7943a15cd5af9/67765b690759e7f9b07670fe/master.m3u8,PASS — Python/AIML Topics or Python-track title,Topics[:src] of Dump Session ID only,
4,4.3,Git and GitHub — introduction,Python,Students · PSE Focus · 3 sessions/week · 15 weeks,FTSDM01S2_2512_JS_S02: Introduction to Git and Github,67d8547915193d6d14bd1196,1,New Scene,40m20s,2419.6,https://cdn.masaischool.com/sal-videos/6772b180631470e143eaac32/6772ad4c4ee6c592aae251e9/master.m3u8,PASS — Git (tool),Topics[:src] of Dump Session ID only,
4,4.3,Git and GitHub — introduction,Python,Students · PSE Focus · 3 sessions/week · 15 weeks,FTSDM01S2_2512_JS_S02: Introduction to Git and Github,67d8547915193d6d14bd1196,2,New Scene,14m43s,883.27,https://cdn.masaischool.com/sal-videos/6772b180631470e143eaac32/6772adfa78796e577c98d65f/master.m3u8,PASS — Git (tool),Topics[:src] of Dump Session ID only,
4,4.3,Git and GitHub — introduction,Python,Students · PSE Focus · 3 sessions/week · 15 weeks,FTSDM01S2_2512_JS_S02: Introduction to Git and Github,67d8547915193d6d14bd1196,3,IA Discussion,5m26s,326.2,https://cdn.masaischool.com/sal-videos/6772b180631470e143eaac32/6772ae9ef936951f1ccb5947/master.m3u8,PASS — Git (tool),Topics[:src] of Dump Session ID only,
4,4.3,Git and GitHub — introduction,Python,Students · PSE Focus · 3 sessions/week · 15 weeks,FTSDM01S2_2512_JS_S02: Introduction to Git and Github,67d8547915193d6d14bd1196,4,New Scene,34m41s,2080.87,https://cdn.masaischool.com/sal-videos/6772b180631470e143eaac32/6772ae49f936951f1ccb56d0/master.m3u8,PASS — Git (tool),Topics[:src] of Dump Session ID only,
4,4.3,Git and GitHub — introduction,Python,Students · PSE Focus · 3 sessions/week · 15 weeks,FTSDM01S2_2512_JS_S02: Introduction to Git and Github,67d8547915193d6d14bd1196,5,New Scene,10m36s,635.6,https://cdn.masaischool.com/sal-videos/6772b180631470e143eaac32/6772ae744ee6c592aae25c76/master.m3u8,PASS — Git (tool),Topics[:src] of Dump Session ID only,
5,5.1,Python — Prep / practice consolidation,Python,Students · PSE Focus · 3 sessions/week · 15 weeks,Python Prep Session,67865c798645e0134f592718,1,New Scene,24m54s,1494.0,https://cdn.masaischool.com/sal-videos/67865c798645e0134f592718/678659bd61e6f9f4a6ac2d58/master.m3u8,PASS — Python/AIML Topics or Python-track title,Topics[:src] of Dump Session ID only,
5,5.1,Python — Prep / practice consolidation,Python,Students · PSE Focus · 3 sessions/week · 15 weeks,Python Prep Session,67865c798645e0134f592718,2,New Scene,7m12s,432.0,https://cdn.masaischool.com/sal-videos/67865c798645e0134f592718/678659df61e6f9f4a6ac2e5f/master.m3u8,PASS — Python/AIML Topics or Python-track title,Topics[:src] of Dump Session ID only,
5,5.1,Python — Prep / practice consolidation,Python,Students · PSE Focus · 3 sessions/week · 15 weeks,Python Prep Session,67865c798645e0134f592718,3,New Scene,5m19s,319.0,https://cdn.masaischool.com/sal-videos/67865c798645e0134f592718/67865aa45c56862cc7797a18/master.m3u8,PASS — Python/AIML Topics or Python-track title,Topics[:src] of Dump Session ID only,
5,5.1,Python — Prep / practice consolidation,Python,Students · PSE Focus · 3 sessions/week · 15 weeks,Python Prep Session,67865c798645e0134f592718,4,New Scene,21m32s,1292.0,https://cdn.masaischool.com/sal-videos/67865c798645e0134f592718/67865a031ca67b92b07eb37d/master.m3u8,PASS — Python/AIML Topics or Python-track title,Topics[:src] of Dump Session ID only,
5,5.1,Python — Prep / practice consolidation,Python,Students · PSE Focus · 3 sessions/week · 15 weeks,Python Prep Session,67865c798645e0134f592718,5,New Scene,6m05s,365.0,https://cdn.masaischool.com/sal-videos/67865c798645e0134f592718/67865a245c56862cc779751a/master.m3u8,PASS — Python/AIML Topics or Python-track title,Topics[:src] of Dump Session ID only,
5,5.1,Python — Prep / practice consolidation,Python,Students · PSE Focus · 3 sessions/week · 15 weeks,Python Prep Session,67865c798645e0134f592718,6,New Scene,16m40s,1000.0,https://cdn.masaischool.com/sal-videos/67865c798645e0134f592718/67865a575c56862cc7797764/master.m3u8,PASS — Python/AIML Topics or Python-track title,Topics[:src] of Dump Session ID only,
5,5.1,Python — Prep / practice consolidation,Python,Students · PSE Focus · 3 sessions/week · 15 weeks,Python Prep Session,67865c798645e0134f592718,7,New Scene,7m29s,449.0,https://cdn.masaischool.com/sal-videos/67865c798645e0134f592718/67865a7d1ca67b92b07eb88c/master.m3u8,PASS — Python/AIML Topics or Python-track title,Topics[:src] of Dump Session ID only,
5,5.2,"Numbers for data work — averages, ratios, percentages",Maths,Students · PSE Focus · 3 sessions/week · 15 weeks,"PBAU08-MU01_S01: Arithmetic Essentials: Averages, Ratios, Percentages",6846b22b618c42616900145e,1,New Scene 1.0,36m14s,2173.77,https://cdn.masaischool.com/sal-videos/69280885f40b4e4e61094282/6846a3e00f8d7a05185ab40e/master.m3u8,PASS — Maths support Topics,Topics[:src] of Dump Session ID only,
5,5.2,"Numbers for data work — averages, ratios, percentages",Maths,Students · PSE Focus · 3 sessions/week · 15 weeks,"PBAU08-MU01_S01: Arithmetic Essentials: Averages, Ratios, Percentages",6846b22b618c42616900145e,2,New Scene 1.1,4m55s,295.08,https://cdn.masaischool.com/sal-videos/69280885f40b4e4e61094282/6846a3f72ea48d13d46a48ae/master.m3u8,PASS — Maths support Topics,Topics[:src] of Dump Session ID only,
5,5.2,"Numbers for data work — averages, ratios, percentages",Maths,Students · PSE Focus · 3 sessions/week · 15 weeks,"PBAU08-MU01_S01: Arithmetic Essentials: Averages, Ratios, Percentages",6846b22b618c42616900145e,3,New Scene 2.0,55m16s,3316.4,https://cdn.masaischool.com/sal-videos/6862392ca44425acb355c500/6846a4022ea48d13d46a48f7/master.m3u8,PASS — Maths support Topics,Topics[:src] of Dump Session ID only,
5,5.2,"Numbers for data work — averages, ratios, percentages",Maths,Students · PSE Focus · 3 sessions/week · 15 weeks,"PBAU08-MU01_S01: Arithmetic Essentials: Averages, Ratios, Percentages",6846b22b618c42616900145e,4,New Scene 2.1,6m40s,399.55,https://cdn.masaischool.com/sal-videos/688782f914073865a3651e28/6846a40a0f8d7a05185ab55a/master.m3u8,PASS — Maths support Topics,Topics[:src] of Dump Session ID only,
5,5.2,"Numbers for data work — averages, ratios, percentages",Maths,Students · PSE Focus · 3 sessions/week · 15 weeks,"PBAU08-MU01_S01: Arithmetic Essentials: Averages, Ratios, Percentages",6846b22b618c42616900145e,5,New Scene 3.0,33m45s,2024.75,https://cdn.masaischool.com/sal-videos/688782f914073865a3651e28/6846a4162ea48d13d46a4a48/master.m3u8,PASS — Maths support Topics,Topics[:src] of Dump Session ID only,
5,5.2,"Numbers for data work — averages, ratios, percentages",Maths,Students · PSE Focus · 3 sessions/week · 15 weeks,"PBAU08-MU01_S01: Arithmetic Essentials: Averages, Ratios, Percentages",6846b22b618c42616900145e,6,New Scene 3.1,8m16s,496.0,https://cdn.masaischool.com/sal-videos/6862392ca44425acb355c500/6846a4202ea48d13d46a4a9e/master.m3u8,PASS — Maths support Topics,Topics[:src] of Dump Session ID only,
5,5.3,Excel — Interface orientation (early soft start before SQL deep-dive),Excel,Students · PSE Focus · 3 sessions/week · 15 weeks,PTDSM04S1_2517_EXL105_S01: Understanding the Excel Interface,6807a3f604872b17930d0b8b,1,Scene 1,18m41s,1120.62,https://cdn.masaischool.com/sal-videos/687e16a714073865a3621e5f/6807a207855623b55844fbd2/master.m3u8,PASS — Excel Topics/title,Topics[:src] of Dump Session ID only,
5,5.3,Excel — Interface orientation (early soft start before SQL deep-dive),Excel,Students · PSE Focus · 3 sessions/week · 15 weeks,PTDSM04S1_2517_EXL105_S01: Understanding the Excel Interface,6807a3f604872b17930d0b8b,2,IA Discussion,9m40s,579.8,https://cdn.masaischool.com/sal-videos/687e16a714073865a3621e5f/6807a2b4855623b5584501a2/master.m3u8,PASS — Excel Topics/title,Topics[:src] of Dump Session ID only,
5,5.3,Excel — Interface orientation (early soft start before SQL deep-dive),Excel,Students · PSE Focus · 3 sessions/week · 15 weeks,PTDSM04S1_2517_EXL105_S01: Understanding the Excel Interface,6807a3f604872b17930d0b8b,3,Scene 2,19m47s,1187.42,https://cdn.masaischool.com/sal-videos/687e16a714073865a3621e5f/6807a22ad303e0cbd2dd4c88/master.m3u8,PASS — Excel Topics/title,Topics[:src] of Dump Session ID only,
5,5.3,Excel — Interface orientation (early soft start before SQL deep-dive),Excel,Students · PSE Focus · 3 sessions/week · 15 weeks,PTDSM04S1_2517_EXL105_S01: Understanding the Excel Interface,6807a3f604872b17930d0b8b,4,Scene 3,26m07s,1567.0,https://cdn.masaischool.com/sal-videos/682b5dc41b0b84e7b3a63106/6807a244d303e0cbd2dd4d33/master.m3u8,PASS — Excel Topics/title,Topics[:src] of Dump Session ID only,
6,6.1,SQL — Introduction to SQL and databases,SQL,Students · PSE Focus · 3 sessions/week · 15 weeks,FTTEM03S2_2514_JSQ206_S01: Introduction to SQL and Databases,67eb02aa3a4f39308727e9fb,1,Subtopic 1,50m03s,3002.83,https://cdn.masaischool.com/sal-videos/68da31832a1d2494e9360ba5/67eaf4f27a575d7c9e1cde85/master.m3u8,PASS — SQL Topics/title,Topics[:src] of Dump Session ID only,
6,6.1,SQL — Introduction to SQL and databases,SQL,Students · PSE Focus · 3 sessions/week · 15 weeks,FTTEM03S2_2514_JSQ206_S01: Introduction to SQL and Databases,67eb02aa3a4f39308727e9fb,2,Subtopic 1 Pitfall,9m05s,545.3,https://cdn.masaischool.com/sal-videos/68da31832a1d2494e9360ba5/67eaf4e387f6061fd163a0b9/master.m3u8,PASS — SQL Topics/title,Topics[:src] of Dump Session ID only,
6,6.1,SQL — Introduction to SQL and databases,SQL,Students · PSE Focus · 3 sessions/week · 15 weeks,FTTEM03S2_2514_JSQ206_S01: Introduction to SQL and Databases,67eb02aa3a4f39308727e9fb,3,IA Discussion,3m02s,181.57,https://cdn.masaischool.com/sal-videos/67eb02aa3a4f39308727e9fb/67eaedc787f6061fd1634f18/master.m3u8,PASS — SQL Topics/title,Topics[:src] of Dump Session ID only,
6,6.1,SQL — Introduction to SQL and databases,SQL,Students · PSE Focus · 3 sessions/week · 15 weeks,FTTEM03S2_2514_JSQ206_S01: Introduction to SQL and Databases,67eb02aa3a4f39308727e9fb,4,Subtopic 2,46m14s,2774.27,https://cdn.masaischool.com/sal-videos/68344122907eb74ce6920d70/67eaf4e387f6061fd163a0b7/master.m3u8,PASS — SQL Topics/title,Topics[:src] of Dump Session ID only,
6,6.1,SQL — Introduction to SQL and databases,SQL,Students · PSE Focus · 3 sessions/week · 15 weeks,FTTEM03S2_2514_JSQ206_S01: Introduction to SQL and Databases,67eb02aa3a4f39308727e9fb,5,Subtopic 2 Pitfall,9m07s,546.83,https://cdn.masaischool.com/sal-videos/67f3d96dcbc216dc7bb5c03b/67eaf4e387f6061fd163a0b5/master.m3u8,PASS — SQL Topics/title,Topics[:src] of Dump Session ID only,
6,6.2,SQL — Essentials: the language of databases,SQL,Students · PSE Focus · 3 sessions/week · 15 weeks,PTDSM02S1_2505_S03: SQL Essentials: The Language of Databases Unraveled,679b6beca51f661bced93470,1,Arthimetic operators with SELECT,45m01s,2700.7,https://cdn.masaischool.com/sal-videos/67c04b836b5ef7003eb63cae/679b53b71103c2cb78ea3652/master.m3u8,PASS — SQL Topics/title,Topics[:src] of Dump Session ID only,
6,6.2,SQL — Essentials: the language of databases,SQL,Students · PSE Focus · 3 sessions/week · 15 weeks,PTDSM02S1_2505_S03: SQL Essentials: The Language of Databases Unraveled,679b6beca51f661bced93470,2,Arthimetic operators with SELECT - Rev,14m58s,897.57,https://cdn.masaischool.com/sal-videos/6803dfa204872b1793ce7e00/679b540a1103c2cb78ea38a7/master.m3u8,PASS — SQL Topics/title,Topics[:src] of Dump Session ID only,
6,6.2,SQL — Essentials: the language of databases,SQL,Students · PSE Focus · 3 sessions/week · 15 weeks,PTDSM02S1_2505_S03: SQL Essentials: The Language of Databases Unraveled,679b6beca51f661bced93470,3,IA Discussion,4m20s,259.88,https://cdn.masaischool.com/sal-videos/67b36d5989eb30ad69401fcd/679b576544d70d0c8293e109/master.m3u8,PASS — SQL Topics/title,Topics[:src] of Dump Session ID only,
6,6.2,SQL — Essentials: the language of databases,SQL,Students · PSE Focus · 3 sessions/week · 15 weeks,PTDSM02S1_2505_S03: SQL Essentials: The Language of Databases Unraveled,679b6beca51f661bced93470,4,Arthimetic operators with WHERE,27m43s,1662.75,https://cdn.masaischool.com/sal-videos/6803dfa204872b1793ce7e00/679b5435656e75cfc09cf7f9/master.m3u8,PASS — SQL Topics/title,Topics[:src] of Dump Session ID only,
6,6.2,SQL — Essentials: the language of databases,SQL,Students · PSE Focus · 3 sessions/week · 15 weeks,PTDSM02S1_2505_S03: SQL Essentials: The Language of Databases Unraveled,679b6beca51f661bced93470,5,Arthimetic operators with WHERE - Rev,11m49s,708.73,https://cdn.masaischool.com/sal-videos/67fc1b03824e0d7b6c08f581/679b5457656e75cfc09cf89e/master.m3u8,PASS — SQL Topics/title,Topics[:src] of Dump Session ID only,
6,6.2,SQL — Essentials: the language of databases,SQL,Students · PSE Focus · 3 sessions/week · 15 weeks,PTDSM02S1_2505_S03: SQL Essentials: The Language of Databases Unraveled,679b6beca51f661bced93470,6,Comparison operators in SQL,17m47s,1067.02,https://cdn.masaischool.com/sal-videos/67fc1b03824e0d7b6c08f581/679b54a044d70d0c8293cb8d/master.m3u8,PASS — SQL Topics/title,Topics[:src] of Dump Session ID only,
6,6.2,SQL — Essentials: the language of databases,SQL,Students · PSE Focus · 3 sessions/week · 15 weeks,PTDSM02S1_2505_S03: SQL Essentials: The Language of Databases Unraveled,679b6beca51f661bced93470,7,Comparison operators in SQL - Rev,10m38s,637.68,https://cdn.masaischool.com/sal-videos/6803dfa204872b1793ce7e00/679b56f844d70d0c8293ddde/master.m3u8,PASS — SQL Topics/title,Topics[:src] of Dump Session ID only,
6,6.2,SQL — Essentials: the language of databases,SQL,Students · PSE Focus · 3 sessions/week · 15 weeks,PTDSM02S1_2505_S03: SQL Essentials: The Language of Databases Unraveled,679b6beca51f661bced93470,8,Logical Operators in SQL,17m31s,1050.57,https://cdn.masaischool.com/sal-videos/67fc1b03824e0d7b6c08f581/679b5717656e75cfc09d0cec/master.m3u8,PASS — SQL Topics/title,Topics[:src] of Dump Session ID only,
6,6.2,SQL — Essentials: the language of databases,SQL,Students · PSE Focus · 3 sessions/week · 15 weeks,PTDSM02S1_2505_S03: SQL Essentials: The Language of Databases Unraveled,679b6beca51f661bced93470,9,Logical Operators in SQL - Rev,8m22s,501.9,https://cdn.masaischool.com/sal-videos/67fc1b03824e0d7b6c08f581/679b573a44d70d0c8293e000/master.m3u8,PASS — SQL Topics/title,Topics[:src] of Dump Session ID only,
6,6.3,"SQL — Searching, filtering & power functions",SQL,Students · PSE Focus · 3 sessions/week · 15 weeks,"CC_BLOCK_2_S2:Data Sleuthing: Searching, Filtering & Power Functions in SQL",68598b79a44425acb3641210,1,Searching in SQL using LIKE,36m33s,2193.12,https://cdn.masaischool.com/sal-videos/67c93deaa0ef177e3b377526/679cb8efb1df5bb493827097/master.m3u8,PASS — SQL Topics/title,Topics[:src] of Dump Session ID only,
6,6.3,"SQL — Searching, filtering & power functions",SQL,Students · PSE Focus · 3 sessions/week · 15 weeks,"CC_BLOCK_2_S2:Data Sleuthing: Searching, Filtering & Power Functions in SQL",68598b79a44425acb3641210,2,Searching in SQL using LIKE - Rev,7m13s,432.87,https://cdn.masaischool.com/sal-videos/67acaf9d61865246e4c9abb7/679cb93131cb129377970159/master.m3u8,PASS — SQL Topics/title,Topics[:src] of Dump Session ID only,
6,6.3,"SQL — Searching, filtering & power functions",SQL,Students · PSE Focus · 3 sessions/week · 15 weeks,"CC_BLOCK_2_S2:Data Sleuthing: Searching, Filtering & Power Functions in SQL",68598b79a44425acb3641210,3,IA Discussion,4m32s,271.9,https://cdn.masaischool.com/sal-videos/67b36d7889eb30ad694020ad/679cba77b1df5bb4938279e3/master.m3u8,PASS — SQL Topics/title,Topics[:src] of Dump Session ID only,
6,6.3,"SQL — Searching, filtering & power functions",SQL,Students · PSE Focus · 3 sessions/week · 15 weeks,"CC_BLOCK_2_S2:Data Sleuthing: Searching, Filtering & Power Functions in SQL",68598b79a44425acb3641210,4,Searching using BETWEEN,10m36s,636.27,https://cdn.masaischool.com/sal-videos/67acaf9d61865246e4c9abb7/679cb986c9afcbb7ca55eead/master.m3u8,PASS — SQL Topics/title,Topics[:src] of Dump Session ID only,
6,6.3,"SQL — Searching, filtering & power functions",SQL,Students · PSE Focus · 3 sessions/week · 15 weeks,"CC_BLOCK_2_S2:Data Sleuthing: Searching, Filtering & Power Functions in SQL",68598b79a44425acb3641210,5,Searching using BETWEEN - Rev,5m47s,347.33,https://cdn.masaischool.com/sal-videos/67e209013a4f3930874faa88/679cb9a631cb1293779703fb/master.m3u8,PASS — SQL Topics/title,Topics[:src] of Dump Session ID only,
6,6.3,"SQL — Searching, filtering & power functions",SQL,Students · PSE Focus · 3 sessions/week · 15 weeks,"CC_BLOCK_2_S2:Data Sleuthing: Searching, Filtering & Power Functions in SQL",68598b79a44425acb3641210,6,Aggregate Function in SQL,9m03s,543.43,https://cdn.masaischool.com/sal-videos/67e209013a4f3930874faa88/679cb9c0b1df5bb4938274ee/master.m3u8,PASS — SQL Topics/title,Topics[:src] of Dump Session ID only,
6,6.3,"SQL — Searching, filtering & power functions",SQL,Students · PSE Focus · 3 sessions/week · 15 weeks,"CC_BLOCK_2_S2:Data Sleuthing: Searching, Filtering & Power Functions in SQL",68598b79a44425acb3641210,7,Aggregate Function in SQL - Rev,3m54s,233.87,https://cdn.masaischool.com/sal-videos/67acaf9d61865246e4c9abb7/679cb9dd31cb129377970589/master.m3u8,PASS — SQL Topics/title,Topics[:src] of Dump Session ID only,
6,6.3,"SQL — Searching, filtering & power functions",SQL,Students · PSE Focus · 3 sessions/week · 15 weeks,"CC_BLOCK_2_S2:Data Sleuthing: Searching, Filtering & Power Functions in SQL",68598b79a44425acb3641210,8,String Function in SQL,16m11s,970.82,https://cdn.masaischool.com/sal-videos/67acaf9d61865246e4c9abb7/679cb9fcb1df5bb4938276ac/master.m3u8,PASS — SQL Topics/title,Topics[:src] of Dump Session ID only,
6,6.3,"SQL — Searching, filtering & power functions",SQL,Students · PSE Focus · 3 sessions/week · 15 weeks,"CC_BLOCK_2_S2:Data Sleuthing: Searching, Filtering & Power Functions in SQL",68598b79a44425acb3641210,9,String Function in SQL - Rev,4m29s,268.93,https://cdn.masaischool.com/sal-videos/67acaf9d61865246e4c9abb7/679cba1bb1df5bb49382777e/master.m3u8,PASS — SQL Topics/title,Topics[:src] of Dump Session ID only,
6,6.3,"SQL — Searching, filtering & power functions",SQL,Students · PSE Focus · 3 sessions/week · 15 weeks,"CC_BLOCK_2_S2:Data Sleuthing: Searching, Filtering & Power Functions in SQL",68598b79a44425acb3641210,10,Power fuctions in SQL,6m14s,373.82,https://cdn.masaischool.com/sal-videos/67e209013a4f3930874faa88/679cba39b1df5bb493827855/master.m3u8,PASS — SQL Topics/title,Topics[:src] of Dump Session ID only,
6,6.3,"SQL — Searching, filtering & power functions",SQL,Students · PSE Focus · 3 sessions/week · 15 weeks,"CC_BLOCK_2_S2:Data Sleuthing: Searching, Filtering & Power Functions in SQL",68598b79a44425acb3641210,11,Power fuctions in SQL - Rev,4m43s,283.47,https://cdn.masaischool.com/sal-videos/679cbee9f62596df9334a56a/679cba54c9afcbb7ca55f41b/master.m3u8,PASS — SQL Topics/title,Topics[:src] of Dump Session ID only,
7,7.1,"SQL — String, date & type conversion functions",SQL,Students · PSE Focus · 3 sessions/week · 15 weeks,"CC_BLOCK_2_S2:Transforming Data: String, Date, and Type Conversion Functions in SQL",685aee53a44425acb3999c1a,1,Getting the Current Date and Time,38m29s,2309.23,https://cdn.masaischool.com/sal-videos/67f2a4cbcbc216dc7baac10c/67ab1345cff8b1323a619169/master.m3u8,PASS — SQL Topics/title,Topics[:src] of Dump Session ID only,
7,7.1,"SQL — String, date & type conversion functions",SQL,Students · PSE Focus · 3 sessions/week · 15 weeks,"CC_BLOCK_2_S2:Transforming Data: String, Date, and Type Conversion Functions in SQL",685aee53a44425acb3999c1a,2,Getting the Current Date and Time - Pitfall,11m00s,659.82,https://cdn.masaischool.com/sal-videos/67f2a4cbcbc216dc7baac10c/67ab13d2feefe705cbe275bb/master.m3u8,PASS — SQL Topics/title,Topics[:src] of Dump Session ID only,
7,7.1,"SQL — String, date & type conversion functions",SQL,Students · PSE Focus · 3 sessions/week · 15 weeks,"CC_BLOCK_2_S2:Transforming Data: String, Date, and Type Conversion Functions in SQL",685aee53a44425acb3999c1a,3,IA Discussion,6m05s,365.48,https://cdn.masaischool.com/sal-videos/67bc95c997a9f4c620ad3540/67ab15c7e5458a03493da3a4/master.m3u8,PASS — SQL Topics/title,Topics[:src] of Dump Session ID only,
7,7.1,"SQL — String, date & type conversion functions",SQL,Students · PSE Focus · 3 sessions/week · 15 weeks,"CC_BLOCK_2_S2:Transforming Data: String, Date, and Type Conversion Functions in SQL",685aee53a44425acb3999c1a,4,Extracting the date and time components,34m12s,2051.95,https://cdn.masaischool.com/sal-videos/67bc95c997a9f4c620ad3540/67ab144fe5458a03493d9abc/master.m3u8,PASS — SQL Topics/title,Topics[:src] of Dump Session ID only,
7,7.1,"SQL — String, date & type conversion functions",SQL,Students · PSE Focus · 3 sessions/week · 15 weeks,"CC_BLOCK_2_S2:Transforming Data: String, Date, and Type Conversion Functions in SQL",685aee53a44425acb3999c1a,5,Extracting the date and time components - Pitfall,10m34s,634.48,https://cdn.masaischool.com/sal-videos/67bc95c997a9f4c620ad3540/67ab14e7feefe705cbe27f93/master.m3u8,PASS — SQL Topics/title,Topics[:src] of Dump Session ID only,
7,7.1,"SQL — String, date & type conversion functions",SQL,Students · PSE Focus · 3 sessions/week · 15 weeks,"CC_BLOCK_2_S2:Transforming Data: String, Date, and Type Conversion Functions in SQL",685aee53a44425acb3999c1a,6,Arithmetic of dates,39m51s,2390.62,https://cdn.masaischool.com/sal-videos/67bc95c997a9f4c620ad3540/67ab1535feefe705cbe2814f/master.m3u8,PASS — SQL Topics/title,Topics[:src] of Dump Session ID only,
7,7.1,"SQL — String, date & type conversion functions",SQL,Students · PSE Focus · 3 sessions/week · 15 weeks,"CC_BLOCK_2_S2:Transforming Data: String, Date, and Type Conversion Functions in SQL",685aee53a44425acb3999c1a,7,Arithmetic of dates - pitfall,9m23s,562.55,https://cdn.masaischool.com/sal-videos/67eaacd63a4f3930871bfb10/67ab156de5458a03493da1d9/master.m3u8,PASS — SQL Topics/title,Topics[:src] of Dump Session ID only,
7,7.1,"SQL — String, date & type conversion functions",SQL,Students · PSE Focus · 3 sessions/week · 15 weeks,"CC_BLOCK_2_S2:Transforming Data: String, Date, and Type Conversion Functions in SQL",685aee53a44425acb3999c1a,8,Summary,3m09s,189.35,https://cdn.masaischool.com/sal-videos/6803dfa704872b1793cebbdb/67ab15a2feefe705cbe283f5/master.m3u8,PASS — SQL Topics/title,Topics[:src] of Dump Session ID only,
7,7.2,"SQL — Aggregations: GROUP BY, HAVING, ORDER BY, LIMIT",SQL,Students · PSE Focus · 3 sessions/week · 15 weeks,"PBAU02-MU01_S01: Mastering Aggregations: GROUP BY, HAVING, ORDER BY, LIMIT  Demystified",68342d6a907eb74ce68dd391,1,Grouping of data in categories,22m53s,1372.82,https://cdn.masaischool.com/sal-videos/67d8691b15193d6d14bd98bf/67a1dd1bc9afcbb7ca6fe18e/master.m3u8,PASS — SQL Topics/title,Topics[:src] of Dump Session ID only,
7,7.2,"SQL — Aggregations: GROUP BY, HAVING, ORDER BY, LIMIT",SQL,Students · PSE Focus · 3 sessions/week · 15 weeks,"PBAU02-MU01_S01: Mastering Aggregations: GROUP BY, HAVING, ORDER BY, LIMIT  Demystified",68342d6a907eb74ce68dd391,2,Grouping of data in categories,8m05s,485.08,https://cdn.masaischool.com/sal-videos/67d8691b15193d6d14bd98bf/67a1dd3831cb129377b0ea0e/master.m3u8,PASS — SQL Topics/title,Topics[:src] of Dump Session ID only,
7,7.2,"SQL — Aggregations: GROUP BY, HAVING, ORDER BY, LIMIT",SQL,Students · PSE Focus · 3 sessions/week · 15 weeks,"PBAU02-MU01_S01: Mastering Aggregations: GROUP BY, HAVING, ORDER BY, LIMIT  Demystified",68342d6a907eb74ce68dd391,3,IA Discussion,5m18s,318.42,https://cdn.masaischool.com/sal-videos/67aa2c13a8eec6909a699328/67a1e3a3c9afcbb7ca70003c/master.m3u8,PASS — SQL Topics/title,Topics[:src] of Dump Session ID only,
7,7.2,"SQL — Aggregations: GROUP BY, HAVING, ORDER BY, LIMIT",SQL,Students · PSE Focus · 3 sessions/week · 15 weeks,"PBAU02-MU01_S01: Mastering Aggregations: GROUP BY, HAVING, ORDER BY, LIMIT  Demystified",68342d6a907eb74ce68dd391,4,Group by with Having,24m55s,1495.02,https://cdn.masaischool.com/sal-videos/67d8691b15193d6d14bd98bf/67a1dd63c9afcbb7ca6fe31b/master.m3u8,PASS — SQL Topics/title,Topics[:src] of Dump Session ID only,
7,7.2,"SQL — Aggregations: GROUP BY, HAVING, ORDER BY, LIMIT",SQL,Students · PSE Focus · 3 sessions/week · 15 weeks,"PBAU02-MU01_S01: Mastering Aggregations: GROUP BY, HAVING, ORDER BY, LIMIT  Demystified",68342d6a907eb74ce68dd391,5,Group by with Having,8m19s,498.62,https://cdn.masaischool.com/sal-videos/67bc827597a9f4c620ad15eb/67a1dd92c9afcbb7ca6fe4a1/master.m3u8,PASS — SQL Topics/title,Topics[:src] of Dump Session ID only,
7,7.2,"SQL — Aggregations: GROUP BY, HAVING, ORDER BY, LIMIT",SQL,Students · PSE Focus · 3 sessions/week · 15 weeks,"PBAU02-MU01_S01: Mastering Aggregations: GROUP BY, HAVING, ORDER BY, LIMIT  Demystified",68342d6a907eb74ce68dd391,6,Ordering of data,24m45s,1484.68,https://cdn.masaischool.com/sal-videos/67bc827597a9f4c620ad15eb/67a1ddc1b1df5bb4939c8526/master.m3u8,PASS — SQL Topics/title,Topics[:src] of Dump Session ID only,
7,7.2,"SQL — Aggregations: GROUP BY, HAVING, ORDER BY, LIMIT",SQL,Students · PSE Focus · 3 sessions/week · 15 weeks,"PBAU02-MU01_S01: Mastering Aggregations: GROUP BY, HAVING, ORDER BY, LIMIT  Demystified",68342d6a907eb74ce68dd391,7,Ordering of data,8m06s,486.48,https://cdn.masaischool.com/sal-videos/67bc827597a9f4c620ad15eb/67a1dde231cb129377b0ed39/master.m3u8,PASS — SQL Topics/title,Topics[:src] of Dump Session ID only,
7,7.2,"SQL — Aggregations: GROUP BY, HAVING, ORDER BY, LIMIT",SQL,Students · PSE Focus · 3 sessions/week · 15 weeks,"PBAU02-MU01_S01: Mastering Aggregations: GROUP BY, HAVING, ORDER BY, LIMIT  Demystified",68342d6a907eb74ce68dd391,8,Limiting the data,18m04s,1084.22,https://cdn.masaischool.com/sal-videos/67bc827597a9f4c620ad15eb/67a1de16b1df5bb4939c86b1/master.m3u8,PASS — SQL Topics/title,Topics[:src] of Dump Session ID only,
7,7.2,"SQL — Aggregations: GROUP BY, HAVING, ORDER BY, LIMIT",SQL,Students · PSE Focus · 3 sessions/week · 15 weeks,"PBAU02-MU01_S01: Mastering Aggregations: GROUP BY, HAVING, ORDER BY, LIMIT  Demystified",68342d6a907eb74ce68dd391,9,Limiting the data,8m12s,491.55,https://cdn.masaischool.com/sal-videos/67ff75d5824e0d7b6c4facb3/67a1de55b1df5bb4939c87c5/master.m3u8,PASS — SQL Topics/title,Topics[:src] of Dump Session ID only,
7,7.2,"SQL — Aggregations: GROUP BY, HAVING, ORDER BY, LIMIT",SQL,Students · PSE Focus · 3 sessions/week · 15 weeks,"PBAU02-MU01_S01: Mastering Aggregations: GROUP BY, HAVING, ORDER BY, LIMIT  Demystified",68342d6a907eb74ce68dd391,10,Understanding the order of execution of a query,27m18s,1638.42,https://cdn.masaischool.com/sal-videos/67ff75d5824e0d7b6c4facb3/67a1de73c9afcbb7ca6fe93e/master.m3u8,PASS — SQL Topics/title,Topics[:src] of Dump Session ID only,
7,7.2,"SQL — Aggregations: GROUP BY, HAVING, ORDER BY, LIMIT",SQL,Students · PSE Focus · 3 sessions/week · 15 weeks,"PBAU02-MU01_S01: Mastering Aggregations: GROUP BY, HAVING, ORDER BY, LIMIT  Demystified",68342d6a907eb74ce68dd391,11,Understanding the order of execution of a query,15m08s,908.48,https://cdn.masaischool.com/sal-videos/67ff75d5824e0d7b6c4facb3/67a1dea1b1df5bb4939c8996/master.m3u8,PASS — SQL Topics/title,Topics[:src] of Dump Session ID only,
7,7.3,SQL — Joins: connecting relational tables,SQL,Students · PSE Focus · 3 sessions/week · 15 weeks,PBAU02-MU01_S02: Mastering SQL Joins: Connecting the Dots in Relational Databases,68342d6a907eb74ce68dd9de,1,Recogning the need of joins while fetching data,21m16s,1276.08,https://cdn.masaischool.com/sal-videos/67b36e8889eb30ad694025bf/67a320ecc82041cdc3743628/master.m3u8,PASS — SQL Topics/title,Topics[:src] of Dump Session ID only,
7,7.3,SQL — Joins: connecting relational tables,SQL,Students · PSE Focus · 3 sessions/week · 15 weeks,PBAU02-MU01_S02: Mastering SQL Joins: Connecting the Dots in Relational Databases,68342d6a907eb74ce68dd9de,2,Recogning the need of joins while fetching data,7m37s,457.28,https://cdn.masaischool.com/sal-videos/680f5de7961de35e624ece5c/67a3210a3dde702a6fd728f0/master.m3u8,PASS — SQL Topics/title,Topics[:src] of Dump Session ID only,
7,7.3,SQL — Joins: connecting relational tables,SQL,Students · PSE Focus · 3 sessions/week · 15 weeks,PBAU02-MU01_S02: Mastering SQL Joins: Connecting the Dots in Relational Databases,68342d6a907eb74ce68dd9de,3,IA Discussion,5m30s,330.35,https://cdn.masaischool.com/sal-videos/680f5de7961de35e624ece5c/67a32262a3a1f8e40adad593/master.m3u8,PASS — SQL Topics/title,Topics[:src] of Dump Session ID only,
7,7.3,SQL — Joins: connecting relational tables,SQL,Students · PSE Focus · 3 sessions/week · 15 weeks,PBAU02-MU01_S02: Mastering SQL Joins: Connecting the Dots in Relational Databases,68342d6a907eb74ce68dd9de,4,Understanding the left and right join,21m17s,1277.15,https://cdn.masaischool.com/sal-videos/680f5de7961de35e624ece5c/67a32127a3a1f8e40adad0b5/master.m3u8,PASS — SQL Topics/title,Topics[:src] of Dump Session ID only,
7,7.3,SQL — Joins: connecting relational tables,SQL,Students · PSE Focus · 3 sessions/week · 15 weeks,PBAU02-MU01_S02: Mastering SQL Joins: Connecting the Dots in Relational Databases,68342d6a907eb74ce68dd9de,5,Understanding the left and right join,9m33s,572.88,https://cdn.masaischool.com/sal-videos/67fc1b04824e0d7b6c090379/67a32150c82041cdc37437dc/master.m3u8,PASS — SQL Topics/title,Topics[:src] of Dump Session ID only,
7,7.3,SQL — Joins: connecting relational tables,SQL,Students · PSE Focus · 3 sessions/week · 15 weeks,PBAU02-MU01_S02: Mastering SQL Joins: Connecting the Dots in Relational Databases,68342d6a907eb74ce68dd9de,6,Understanding the inner and outer join,30m15s,1814.82,https://cdn.masaischool.com/sal-videos/680f5de7961de35e624ece5c/67a32170c82041cdc3743873/master.m3u8,PASS — SQL Topics/title,Topics[:src] of Dump Session ID only,
7,7.3,SQL — Joins: connecting relational tables,SQL,Students · PSE Focus · 3 sessions/week · 15 weeks,PBAU02-MU01_S02: Mastering SQL Joins: Connecting the Dots in Relational Databases,68342d6a907eb74ce68dd9de,7,Understanding the inner and outer join,14m43s,882.95,https://cdn.masaischool.com/sal-videos/680f5de7961de35e624ece5c/67a3218ac82041cdc37438c7/master.m3u8,PASS — SQL Topics/title,Topics[:src] of Dump Session ID only,
7,7.3,SQL — Joins: connecting relational tables,SQL,Students · PSE Focus · 3 sessions/week · 15 weeks,PBAU02-MU01_S02: Mastering SQL Joins: Connecting the Dots in Relational Databases,68342d6a907eb74ce68dd9de,8,Understanding the cross and self join,25m48s,1548.08,https://cdn.masaischool.com/sal-videos/67fc1b04824e0d7b6c090379/67a321ab3dde702a6fd72b51/master.m3u8,PASS — SQL Topics/title,Topics[:src] of Dump Session ID only,
7,7.3,SQL — Joins: connecting relational tables,SQL,Students · PSE Focus · 3 sessions/week · 15 weeks,PBAU02-MU01_S02: Mastering SQL Joins: Connecting the Dots in Relational Databases,68342d6a907eb74ce68dd9de,9,Understanding the cross and self join,7m05s,424.62,https://cdn.masaischool.com/sal-videos/67b36e8889eb30ad694025bf/67a321dd3dde702a6fd72bf4/master.m3u8,PASS — SQL Topics/title,Topics[:src] of Dump Session ID only,
7,7.3,SQL — Joins: connecting relational tables,SQL,Students · PSE Focus · 3 sessions/week · 15 weeks,PBAU02-MU01_S02: Mastering SQL Joins: Connecting the Dots in Relational Databases,68342d6a907eb74ce68dd9de,10,Summary,27m06s,1626.28,https://cdn.masaischool.com/sal-videos/67d8693815193d6d14bd99bf/67a321ffa3a1f8e40adad3e1/master.m3u8,PASS — SQL Topics/title,Topics[:src] of Dump Session ID only,
7,7.3,SQL — Joins: connecting relational tables,SQL,Students · PSE Focus · 3 sessions/week · 15 weeks,PBAU02-MU01_S02: Mastering SQL Joins: Connecting the Dots in Relational Databases,68342d6a907eb74ce68dd9de,11,Summary,9m03s,543.22,https://cdn.masaischool.com/sal-videos/67d8693815193d6d14bd99bf/67a3223c3dde702a6fd72d7f/master.m3u8,PASS — SQL Topics/title,Topics[:src] of Dump Session ID only,
8,8.1,SQL — Joins and data validation,SQL,Students · PSE Focus · 3 sessions/week · 15 weeks,FTTEM03S2_2514_JSQ206_S03: Joins and Data Validation,67ed203c856aee18d077950d,1,Scene 1,54m03s,3242.63,https://cdn.masaischool.com/sal-videos/6863f62aa44425acb3978d26/67ed0f2b292035ad5abaa89d/master.m3u8,PASS — SQL Topics/title,Topics[:src] of Dump Session ID only,
8,8.1,SQL — Joins and data validation,SQL,Students · PSE Focus · 3 sessions/week · 15 weeks,FTTEM03S2_2514_JSQ206_S03: Joins and Data Validation,67ed203c856aee18d077950d,2,Rev 1,9m03s,543.3,https://cdn.masaischool.com/sal-videos/6863f62aa44425acb3978d26/67ed0f2b0a4dc664a744aa50/master.m3u8,PASS — SQL Topics/title,Topics[:src] of Dump Session ID only,
8,8.1,SQL — Joins and data validation,SQL,Students · PSE Focus · 3 sessions/week · 15 weeks,FTTEM03S2_2514_JSQ206_S03: Joins and Data Validation,67ed203c856aee18d077950d,3,IA Discussion,3m26s,206.47,https://cdn.masaischool.com/sal-videos/6863f62aa44425acb3978d26/67ed0f2b0a4dc664a744aa4d/master.m3u8,PASS — SQL Topics/title,Topics[:src] of Dump Session ID only,
8,8.1,SQL — Joins and data validation,SQL,Students · PSE Focus · 3 sessions/week · 15 weeks,FTTEM03S2_2514_JSQ206_S03: Joins and Data Validation,67ed203c856aee18d077950d,4,Scene 2,50m06s,3005.97,https://cdn.masaischool.com/sal-videos/68b567555585f2fccecc8736/67ed0f2b0a4dc664a744aa54/master.m3u8,PASS — SQL Topics/title,Topics[:src] of Dump Session ID only,
8,8.1,SQL — Joins and data validation,SQL,Students · PSE Focus · 3 sessions/week · 15 weeks,FTTEM03S2_2514_JSQ206_S03: Joins and Data Validation,67ed203c856aee18d077950d,5,Rev 2,10m01s,601.23,https://cdn.masaischool.com/sal-videos/68b567555585f2fccecc8736/67ed0f2bf7cb247edee98c24/master.m3u8,PASS — SQL Topics/title,Topics[:src] of Dump Session ID only,
8,8.2,SQL — Subqueries,SQL,Students · PSE Focus · 3 sessions/week · 15 weeks,CC_BLOCK_2_S2:Subqueries,685c366fa44425acb3cc0af4,1,New Scene,34m12s,2051.55,https://cdn.masaischool.com/sal-videos/67c6ec2c392524c6d0d63886/67abb3ea4ca1ec11d8138e3c/master.m3u8,PASS — SQL Topics/title,Topics[:src] of Dump Session ID only,
8,8.2,SQL — Subqueries,SQL,Students · PSE Focus · 3 sessions/week · 15 weeks,CC_BLOCK_2_S2:Subqueries,685c366fa44425acb3cc0af4,2,New Scene,8m51s,531.45,https://cdn.masaischool.com/sal-videos/67c6ec2c392524c6d0d63886/67abb4085c22d9156063c3c9/master.m3u8,PASS — SQL Topics/title,Topics[:src] of Dump Session ID only,
8,8.2,SQL — Subqueries,SQL,Students · PSE Focus · 3 sessions/week · 15 weeks,CC_BLOCK_2_S2:Subqueries,685c366fa44425acb3cc0af4,3,IA Discussion,5m40s,340.42,https://cdn.masaischool.com/sal-videos/67d86a1915193d6d14bd9f20/67abb4c121d48360ef5cb73b/master.m3u8,PASS — SQL Topics/title,Topics[:src] of Dump Session ID only,
8,8.2,SQL — Subqueries,SQL,Students · PSE Focus · 3 sessions/week · 15 weeks,CC_BLOCK_2_S2:Subqueries,685c366fa44425acb3cc0af4,4,New Scene,54m31s,3270.55,https://cdn.masaischool.com/sal-videos/67b41b8289eb30ad69441198/67abb42721d48360ef5cb348/master.m3u8,PASS — SQL Topics/title,Topics[:src] of Dump Session ID only,
8,8.2,SQL — Subqueries,SQL,Students · PSE Focus · 3 sessions/week · 15 weeks,CC_BLOCK_2_S2:Subqueries,685c366fa44425acb3cc0af4,5,Subtopic-2 Pitfall,12m13s,733.35,https://cdn.masaischool.com/sal-videos/67e20a223a4f3930874fd1e5/67ac57022495ea095f971ee1/master.m3u8,PASS — SQL Topics/title,Topics[:src] of Dump Session ID only,
8,8.2,SQL — Subqueries,SQL,Students · PSE Focus · 3 sessions/week · 15 weeks,CC_BLOCK_2_S2:Subqueries,685c366fa44425acb3cc0af4,6,New Scene,32m15s,1935.15,https://cdn.masaischool.com/sal-videos/67b41b8289eb30ad69441198/67abb46f21d48360ef5cb50a/master.m3u8,PASS — SQL Topics/title,Topics[:src] of Dump Session ID only,
8,8.2,SQL — Subqueries,SQL,Students · PSE Focus · 3 sessions/week · 15 weeks,CC_BLOCK_2_S2:Subqueries,685c366fa44425acb3cc0af4,7,Summary,3m10s,189.62,https://cdn.masaischool.com/sal-videos/67d869ab15193d6d14bd9c25/67abb4995c22d9156063c729/master.m3u8,PASS — SQL Topics/title,Topics[:src] of Dump Session ID only,
8,8.3,SQL — CTEs,SQL,Students · PSE Focus · 3 sessions/week · 15 weeks,CC_BLOCK_2_S2:CTE's,685d8b8ba44425acb300adee,1,New Scene,30m41s,1840.6,https://cdn.masaischool.com/sal-videos/688c40d114073865a3e639ed/67adcaee550aec9cf4109dae/master.m3u8,PASS — SQL Topics/title,Topics[:src] of Dump Session ID only,
8,8.3,SQL — CTEs,SQL,Students · PSE Focus · 3 sessions/week · 15 weeks,CC_BLOCK_2_S2:CTE's,685d8b8ba44425acb300adee,2,New Scene,10m27s,626.95,https://cdn.masaischool.com/sal-videos/688c40d114073865a3e639ed/67ada8feb288419593e87964/master.m3u8,PASS — SQL Topics/title,Topics[:src] of Dump Session ID only,
8,8.3,SQL — CTEs,SQL,Students · PSE Focus · 3 sessions/week · 15 weeks,CC_BLOCK_2_S2:CTE's,685d8b8ba44425acb300adee,3,IA Discussion,5m49s,348.82,https://cdn.masaischool.com/sal-videos/67f2a4cccbc216dc7baacfe4/67adacadb288419593e890aa/master.m3u8,PASS — SQL Topics/title,Topics[:src] of Dump Session ID only,
8,8.3,SQL — CTEs,SQL,Students · PSE Focus · 3 sessions/week · 15 weeks,CC_BLOCK_2_S2:CTE's,685d8b8ba44425acb300adee,4,New Scene,43m46s,2626.22,https://cdn.masaischool.com/sal-videos/67f2a4cccbc216dc7baacfe4/67ada5270cc89afb1bebb742/master.m3u8,PASS — SQL Topics/title,Topics[:src] of Dump Session ID only,
8,8.3,SQL — CTEs,SQL,Students · PSE Focus · 3 sessions/week · 15 weeks,CC_BLOCK_2_S2:CTE's,685d8b8ba44425acb300adee,5,New Scene,10m04s,603.62,https://cdn.masaischool.com/sal-videos/67f2a4cccbc216dc7baacfe4/67adabe70cc89afb1bebf63b/master.m3u8,PASS — SQL Topics/title,Topics[:src] of Dump Session ID only,
8,8.3,SQL — CTEs,SQL,Students · PSE Focus · 3 sessions/week · 15 weeks,CC_BLOCK_2_S2:CTE's,685d8b8ba44425acb300adee,6,New Scene,39m30s,2370.22,https://cdn.masaischool.com/sal-videos/6803dfa804872b1793cecab3/67adcb16b288419593e939f3/master.m3u8,PASS — SQL Topics/title,Topics[:src] of Dump Session ID only,
8,8.3,SQL — CTEs,SQL,Students · PSE Focus · 3 sessions/week · 15 weeks,CC_BLOCK_2_S2:CTE's,685d8b8ba44425acb300adee,7,New Scene,9m31s,570.88,https://cdn.masaischool.com/sal-videos/6803dfa804872b1793cecab3/67adcb3e550aec9cf410a0e3/master.m3u8,PASS — SQL Topics/title,Topics[:src] of Dump Session ID only,
8,8.3,SQL — CTEs,SQL,Students · PSE Focus · 3 sessions/week · 15 weeks,CC_BLOCK_2_S2:CTE's,685d8b8ba44425acb300adee,8,Summary,3m10s,189.95,https://cdn.masaischool.com/sal-videos/683d706e907eb74ce6232257/67adcb58b288419593e93c02/master.m3u8,PASS — SQL Topics/title,Topics[:src] of Dump Session ID only,
9,9.1,SQL — Window functions: ranking,SQL,Students · PSE Focus · 3 sessions/week · 15 weeks,CC_BLOCK_2_S2:Window Functions: Ranking Data in Style,685d8b8da44425acb3013e15,1,Need for window functions in sql,23m31s,1411.48,https://cdn.masaischool.com/sal-videos/680f5110961de35e624386d4/67b34bfb3224e5c4cfc9739d/master.m3u8,PASS — SQL Topics/title,Topics[:src] of Dump Session ID only,
9,9.1,SQL — Window functions: ranking,SQL,Students · PSE Focus · 3 sessions/week · 15 weeks,CC_BLOCK_2_S2:Window Functions: Ranking Data in Style,685d8b8da44425acb3013e15,2,Need for window functions in sql - Pitfall,10m42s,641.68,https://cdn.masaischool.com/sal-videos/6818b288961de35e6206a9c9/67b34c08afc06fd649da51bc/master.m3u8,PASS — SQL Topics/title,Topics[:src] of Dump Session ID only,
9,9.1,SQL — Window functions: ranking,SQL,Students · PSE Focus · 3 sessions/week · 15 weeks,CC_BLOCK_2_S2:Window Functions: Ranking Data in Style,685d8b8da44425acb3013e15,3,Need for window functions in sql - IA Session,5m48s,347.88,https://cdn.masaischool.com/sal-videos/6818b288961de35e6206a9c9/67b34c1f3224e5c4cfc97488/master.m3u8,PASS — SQL Topics/title,Topics[:src] of Dump Session ID only,
9,9.1,SQL — Window functions: ranking,SQL,Students · PSE Focus · 3 sessions/week · 15 weeks,CC_BLOCK_2_S2:Window Functions: Ranking Data in Style,685d8b8da44425acb3013e15,4,Understanding the structure of query,29m31s,1771.15,https://cdn.masaischool.com/sal-videos/685d8b8ea44425acb30149d8/67b34c353224e5c4cfc9752b/master.m3u8,PASS — SQL Topics/title,Topics[:src] of Dump Session ID only,
9,9.1,SQL — Window functions: ranking,SQL,Students · PSE Focus · 3 sessions/week · 15 weeks,CC_BLOCK_2_S2:Window Functions: Ranking Data in Style,685d8b8da44425acb3013e15,5,Understanding the structure of query - Pitfall,6m45s,405.35,https://cdn.masaischool.com/sal-videos/685d8b8ea44425acb30149d8/67b34c42a088b0540c0eaff4/master.m3u8,PASS — SQL Topics/title,Topics[:src] of Dump Session ID only,
9,9.1,SQL — Window functions: ranking,SQL,Students · PSE Focus · 3 sessions/week · 15 weeks,CC_BLOCK_2_S2:Window Functions: Ranking Data in Style,685d8b8da44425acb3013e15,6,Different types of ranking window functions,28m21s,1701.42,https://cdn.masaischool.com/sal-videos/680f5110961de35e624386d4/67b38b13a088b0540c0fece4/master.m3u8,PASS — SQL Topics/title,Topics[:src] of Dump Session ID only,
9,9.1,SQL — Window functions: ranking,SQL,Students · PSE Focus · 3 sessions/week · 15 weeks,CC_BLOCK_2_S2:Window Functions: Ranking Data in Style,685d8b8da44425acb3013e15,7,Different types of ranking window functions - Pitfall,8m04s,483.75,https://cdn.masaischool.com/sal-videos/680f5110961de35e624386d4/67b34c5ea088b0540c0eb0a7/master.m3u8,PASS — SQL Topics/title,Topics[:src] of Dump Session ID only,
9,9.1,SQL — Window functions: ranking,SQL,Students · PSE Focus · 3 sessions/week · 15 weeks,CC_BLOCK_2_S2:Window Functions: Ranking Data in Style,685d8b8da44425acb3013e15,8,Subtopic 4,30m46s,1846.35,https://cdn.masaischool.com/sal-videos/68468861618c426169f2a5f1/67b34c6a3224e5c4cfc9769d/master.m3u8,PASS — SQL Topics/title,Topics[:src] of Dump Session ID only,
9,9.1,SQL — Window functions: ranking,SQL,Students · PSE Focus · 3 sessions/week · 15 weeks,CC_BLOCK_2_S2:Window Functions: Ranking Data in Style,685d8b8da44425acb3013e15,9,Summary,2m32s,152.02,https://cdn.masaischool.com/sal-videos/6818b288961de35e6206a9c9/67b34c76afc06fd649da5521/master.m3u8,PASS — SQL Topics/title,Topics[:src] of Dump Session ID only,
9,9.2,"SQL — Window functions: LAG, LEAD, NTILE",SQL,Students · PSE Focus · 3 sessions/week · 15 weeks,"CC_BLOCK_2_S3:Moving Through Time: Exploring LAG, LEAD, and NTILE in SQL",68618575a44425acb346dcb6,1,Moving Through Time and data 1.0,13m12s,792.28,https://cdn.masaischool.com/sal-videos/68468861618c426169f2a926/67b4b2fc48dc35fae3b82572/master.m3u8,PASS — SQL Topics/title,Topics[:src] of Dump Session ID only,
9,9.2,"SQL — Window functions: LAG, LEAD, NTILE",SQL,Students · PSE Focus · 3 sessions/week · 15 weeks,"CC_BLOCK_2_S3:Moving Through Time: Exploring LAG, LEAD, and NTILE in SQL",68618575a44425acb346dcb6,2,Moving Through Time and data 1.0 Pitfall,17m44s,1064.42,https://cdn.masaischool.com/sal-videos/68468861618c426169f2a926/67b4b30d48dc35fae3b825d0/master.m3u8,PASS — SQL Topics/title,Topics[:src] of Dump Session ID only,
9,9.2,"SQL — Window functions: LAG, LEAD, NTILE",SQL,Students · PSE Focus · 3 sessions/week · 15 weeks,"CC_BLOCK_2_S3:Moving Through Time: Exploring LAG, LEAD, and NTILE in SQL",68618575a44425acb346dcb6,3,Moving Through Time and data 1.0 IA Session,5m48s,347.88,https://cdn.masaischool.com/sal-videos/67b4fbd2fcc543f161a14c5d/67b4b32048dc35fae3b8262b/master.m3u8,PASS — SQL Topics/title,Topics[:src] of Dump Session ID only,
9,9.2,"SQL — Window functions: LAG, LEAD, NTILE",SQL,Students · PSE Focus · 3 sessions/week · 15 weeks,"CC_BLOCK_2_S3:Moving Through Time: Exploring LAG, LEAD, and NTILE in SQL",68618575a44425acb346dcb6,4,Moving Through Time and data 2.0,31m34s,1894.35,https://cdn.masaischool.com/sal-videos/67d86afa15193d6d14bda4b8/67b4b32bc2f97ed1fe789a89/master.m3u8,PASS — SQL Topics/title,Topics[:src] of Dump Session ID only,
9,9.2,"SQL — Window functions: LAG, LEAD, NTILE",SQL,Students · PSE Focus · 3 sessions/week · 15 weeks,"CC_BLOCK_2_S3:Moving Through Time: Exploring LAG, LEAD, and NTILE in SQL",68618575a44425acb346dcb6,5,Moving Through Time and data 2.0 Pitfall,13m49s,829.15,https://cdn.masaischool.com/sal-videos/687e16a314073865a3613e03/67b4b335c2f97ed1fe789acb/master.m3u8,PASS — SQL Topics/title,Topics[:src] of Dump Session ID only,
9,9.2,"SQL — Window functions: LAG, LEAD, NTILE",SQL,Students · PSE Focus · 3 sessions/week · 15 weeks,"CC_BLOCK_2_S3:Moving Through Time: Exploring LAG, LEAD, and NTILE in SQL",68618575a44425acb346dcb6,6,Moving Through Time and data 3.0,32m00s,1919.68,https://cdn.masaischool.com/sal-videos/68618577a44425acb34791ec/67b4b3488f8d12020de6fe72/master.m3u8,PASS — SQL Topics/title,Topics[:src] of Dump Session ID only,
9,9.2,"SQL — Window functions: LAG, LEAD, NTILE",SQL,Students · PSE Focus · 3 sessions/week · 15 weeks,"CC_BLOCK_2_S3:Moving Through Time: Exploring LAG, LEAD, and NTILE in SQL",68618575a44425acb346dcb6,7,Moving Through Time and data 3.0 Pitfall,9m00s,540.08,https://cdn.masaischool.com/sal-videos/68618577a44425acb34791ec/67b4b35348dc35fae3b826fe/master.m3u8,PASS — SQL Topics/title,Topics[:src] of Dump Session ID only,
9,9.2,"SQL — Window functions: LAG, LEAD, NTILE",SQL,Students · PSE Focus · 3 sessions/week · 15 weeks,"CC_BLOCK_2_S3:Moving Through Time: Exploring LAG, LEAD, and NTILE in SQL",68618575a44425acb346dcb6,8,Moving Through Time and data 4.0,18m47s,1127.42,https://cdn.masaischool.com/sal-videos/68468867618c426169f45dfd/67b4b369c2f97ed1fe789b8c/master.m3u8,PASS — SQL Topics/title,Topics[:src] of Dump Session ID only,
9,9.2,"SQL — Window functions: LAG, LEAD, NTILE",SQL,Students · PSE Focus · 3 sessions/week · 15 weeks,"CC_BLOCK_2_S3:Moving Through Time: Exploring LAG, LEAD, and NTILE in SQL",68618575a44425acb346dcb6,9,Moving Through Time and data 4.0 Pitfall,9m41s,581.22,https://cdn.masaischool.com/sal-videos/68468867618c426169f45dfd/67b4b373c2f97ed1fe789bab/master.m3u8,PASS — SQL Topics/title,Topics[:src] of Dump Session ID only,
9,9.2,"SQL — Window functions: LAG, LEAD, NTILE",SQL,Students · PSE Focus · 3 sessions/week · 15 weeks,"CC_BLOCK_2_S3:Moving Through Time: Exploring LAG, LEAD, and NTILE in SQL",68618575a44425acb346dcb6,10,Summary,2m51s,170.55,https://cdn.masaischool.com/sal-videos/687e16a314073865a3613e03/67b4b37ec2f97ed1fe789bd6/master.m3u8,PASS — SQL Topics/title,Topics[:src] of Dump Session ID only,
9,9.3,SQL — Pivoting with CASE WHEN,SQL,Students · PSE Focus · 3 sessions/week · 15 weeks,CC_BLOCK_2_S3:Turning Data on Its Head: Pivoting with CASE WHEN in SQL,6862b730a44425acb3764562,1,Understanding the Need for CASE WHEN,21m27s,1287.15,https://cdn.masaischool.com/sal-videos/67c04bce6b5ef7003eb63f2d/67b5dd7548dc35fae3be98ad/master.m3u8,PASS — SQL Topics/title,Topics[:src] of Dump Session ID only,WARNING: Same CDN video set as the other Excel session (VLOOKUP). Verify content before use; dump may have mislinked Pivot vs VLookup.
9,9.3,SQL — Pivoting with CASE WHEN,SQL,Students · PSE Focus · 3 sessions/week · 15 weeks,CC_BLOCK_2_S3:Turning Data on Its Head: Pivoting with CASE WHEN in SQL,6862b730a44425acb3764562,2,Understanding the Need for CASE WHEN,8m26s,506.35,https://cdn.masaischool.com/sal-videos/68623927a44425acb353c716/67b5dd848f8d12020ded77a2/master.m3u8,PASS — SQL Topics/title,Topics[:src] of Dump Session ID only,WARNING: Same CDN video set as the other Excel session (VLOOKUP). Verify content before use; dump may have mislinked Pivot vs VLookup.
9,9.3,SQL — Pivoting with CASE WHEN,SQL,Students · PSE Focus · 3 sessions/week · 15 weeks,CC_BLOCK_2_S3:Turning Data on Its Head: Pivoting with CASE WHEN in SQL,6862b730a44425acb3764562,3,Understanding the Need for CASE WHEN,5m48s,347.88,https://cdn.masaischool.com/sal-videos/68623927a44425acb353c716/67b5de368f8d12020ded7cbf/master.m3u8,PASS — SQL Topics/title,Topics[:src] of Dump Session ID only,WARNING: Same CDN video set as the other Excel session (VLOOKUP). Verify content before use; dump may have mislinked Pivot vs VLookup.
9,9.3,SQL — Pivoting with CASE WHEN,SQL,Students · PSE Focus · 3 sessions/week · 15 weeks,CC_BLOCK_2_S3:Turning Data on Its Head: Pivoting with CASE WHEN in SQL,6862b730a44425acb3764562,4,Understanding the Syntax of CASE WHEN,15m45s,945.42,https://cdn.masaischool.com/sal-videos/68623927a44425acb353c716/67b5de41c2f97ed1fe7f135c/master.m3u8,PASS — SQL Topics/title,Topics[:src] of Dump Session ID only,WARNING: Same CDN video set as the other Excel session (VLOOKUP). Verify content before use; dump may have mislinked Pivot vs VLookup.
9,9.3,SQL — Pivoting with CASE WHEN,SQL,Students · PSE Focus · 3 sessions/week · 15 weeks,CC_BLOCK_2_S3:Turning Data on Its Head: Pivoting with CASE WHEN in SQL,6862b730a44425acb3764562,5,Understanding the Syntax of CASE WHEN,12m50s,770.08,https://cdn.masaischool.com/sal-videos/6803dfac04872b1793cef18f/67b5de4e8f8d12020ded7d40/master.m3u8,PASS — SQL Topics/title,Topics[:src] of Dump Session ID only,WARNING: Same CDN video set as the other Excel session (VLOOKUP). Verify content before use; dump may have mislinked Pivot vs VLookup.
9,9.3,SQL — Pivoting with CASE WHEN,SQL,Students · PSE Focus · 3 sessions/week · 15 weeks,CC_BLOCK_2_S3:Turning Data on Its Head: Pivoting with CASE WHEN in SQL,6862b730a44425acb3764562,6,Understanding Pivoting with CASE WHEN,19m55s,1195.22,https://cdn.masaischool.com/sal-videos/6803dfac04872b1793cef18f/67b5de5848dc35fae3be9e6e/master.m3u8,PASS — SQL Topics/title,Topics[:src] of Dump Session ID only,WARNING: Same CDN video set as the other Excel session (VLOOKUP). Verify content before use; dump may have mislinked Pivot vs VLookup.
9,9.3,SQL — Pivoting with CASE WHEN,SQL,Students · PSE Focus · 3 sessions/week · 15 weeks,CC_BLOCK_2_S3:Turning Data on Its Head: Pivoting with CASE WHEN in SQL,6862b730a44425acb3764562,7,Understanding Pivoting with CASE WHEN,10m05s,605.42,https://cdn.masaischool.com/sal-videos/6803dfac04872b1793cef18f/67b5de628f8d12020ded7dbc/master.m3u8,PASS — SQL Topics/title,Topics[:src] of Dump Session ID only,WARNING: Same CDN video set as the other Excel session (VLOOKUP). Verify content before use; dump may have mislinked Pivot vs VLookup.
9,9.3,SQL — Pivoting with CASE WHEN,SQL,Students · PSE Focus · 3 sessions/week · 15 weeks,CC_BLOCK_2_S3:Turning Data on Its Head: Pivoting with CASE WHEN in SQL,6862b730a44425acb3764562,8,Summary,2m41s,160.55,https://cdn.masaischool.com/sal-videos/6803dfac04872b1793cef18f/67b5de6b48dc35fae3be9ed7/master.m3u8,PASS — SQL Topics/title,Topics[:src] of Dump Session ID only,WARNING: Same CDN video set as the other Excel session (VLOOKUP). Verify content before use; dump may have mislinked Pivot vs VLookup.
10,10.1,SQL — MySQL in action: CRUD,SQL,Students · PSE Focus · 3 sessions/week · 15 weeks,"CC_BLOCK_2_S2:MySQL in Action: Creating, Reading, Updating, and Deleting Data",68585126a44425acb341d9bf,1,Recognition of CRUD in REAL life,17m20s,1040.03,https://cdn.masaischool.com/sal-videos/67b36d1d89eb30ad69401d77/679a2d578f96ab411431cf9e/master.m3u8,PASS — SQL Topics/title,Topics[:src] of Dump Session ID only,
10,10.1,SQL — MySQL in action: CRUD,SQL,Students · PSE Focus · 3 sessions/week · 15 weeks,"CC_BLOCK_2_S2:MySQL in Action: Creating, Reading, Updating, and Deleting Data",68585126a44425acb341d9bf,2,Recognition of CRUD in REAL life - Rev,7m03s,423.0,https://cdn.masaischool.com/sal-videos/67b36d1d89eb30ad69401d77/679a2e07d9e47ae5876a6909/master.m3u8,PASS — SQL Topics/title,Topics[:src] of Dump Session ID only,
10,10.1,SQL — MySQL in action: CRUD,SQL,Students · PSE Focus · 3 sessions/week · 15 weeks,"CC_BLOCK_2_S2:MySQL in Action: Creating, Reading, Updating, and Deleting Data",68585126a44425acb341d9bf,3,IA Discussion,5m03s,302.72,https://cdn.masaischool.com/sal-videos/67bdceae97a9f4c620c0c9b8/679a2e78d9e47ae5876a6c29/master.m3u8,PASS — SQL Topics/title,Topics[:src] of Dump Session ID only,
10,10.1,SQL — MySQL in action: CRUD,SQL,Students · PSE Focus · 3 sessions/week · 15 weeks,"CC_BLOCK_2_S2:MySQL in Action: Creating, Reading, Updating, and Deleting Data",68585126a44425acb341d9bf,4,Need of tabular data and multiple tables,17m56s,1076.07,https://cdn.masaischool.com/sal-videos/67bdceae97a9f4c620c0c9b8/679a2d738f96ab411431d040/master.m3u8,PASS — SQL Topics/title,Topics[:src] of Dump Session ID only,
10,10.1,SQL — MySQL in action: CRUD,SQL,Students · PSE Focus · 3 sessions/week · 15 weeks,"CC_BLOCK_2_S2:MySQL in Action: Creating, Reading, Updating, and Deleting Data",68585126a44425acb341d9bf,5,Need of tabular data and multiple tables,16m14s,974.04,https://cdn.masaischool.com/sal-videos/67a757437f67c4ed3da515b9/679a324cd9e47ae5876a8e08/master.m3u8,PASS — SQL Topics/title,Topics[:src] of Dump Session ID only,
10,10.1,SQL — MySQL in action: CRUD,SQL,Students · PSE Focus · 3 sessions/week · 15 weeks,"CC_BLOCK_2_S2:MySQL in Action: Creating, Reading, Updating, and Deleting Data",68585126a44425acb341d9bf,6,Understanding database relationship and structure,27m10s,1630.0,https://cdn.masaischool.com/sal-videos/67f2a4c9cbc216dc7baa7f03/679a2d938f96ab411431d12b/master.m3u8,PASS — SQL Topics/title,Topics[:src] of Dump Session ID only,
10,10.1,SQL — MySQL in action: CRUD,SQL,Students · PSE Focus · 3 sessions/week · 15 weeks,"CC_BLOCK_2_S2:MySQL in Action: Creating, Reading, Updating, and Deleting Data",68585126a44425acb341d9bf,7,Understanding database relationship and structure - Rev,5m59s,359.5,https://cdn.masaischool.com/sal-videos/67c6eae3392524c6d0d5fadf/679a32718f96ab411431fb14/master.m3u8,PASS — SQL Topics/title,Topics[:src] of Dump Session ID only,
10,10.1,SQL — MySQL in action: CRUD,SQL,Students · PSE Focus · 3 sessions/week · 15 weeks,"CC_BLOCK_2_S2:MySQL in Action: Creating, Reading, Updating, and Deleting Data",68585126a44425acb341d9bf,8,Hands on MySQL workbench -1,18m50s,1129.82,https://cdn.masaischool.com/sal-videos/67c6eae3392524c6d0d5fadf/679a2db3590dd63677c5577b/master.m3u8,PASS — SQL Topics/title,Topics[:src] of Dump Session ID only,
10,10.1,SQL — MySQL in action: CRUD,SQL,Students · PSE Focus · 3 sessions/week · 15 weeks,"CC_BLOCK_2_S2:MySQL in Action: Creating, Reading, Updating, and Deleting Data",68585126a44425acb341d9bf,9,Hands on MySQL workbench -2,17m34s,1054.27,https://cdn.masaischool.com/sal-videos/6822fad1a6e2ef55336e450b/679a2de1590dd63677c55898/master.m3u8,PASS — SQL Topics/title,Topics[:src] of Dump Session ID only,
10,10.1,SQL — MySQL in action: CRUD,SQL,Students · PSE Focus · 3 sessions/week · 15 weeks,"CC_BLOCK_2_S2:MySQL in Action: Creating, Reading, Updating, and Deleting Data",68585126a44425acb341d9bf,10,Hands on MySQL workbench -2 - Rev,5m11s,310.77,https://cdn.masaischool.com/sal-videos/6822fad1a6e2ef55336e450b/679a2e4bd9e47ae5876a6af2/master.m3u8,PASS — SQL Topics/title,Topics[:src] of Dump Session ID only,
10,10.2,SQL — Database normalization essentials,SQL,Students · PSE Focus · 3 sessions/week · 15 weeks,PTDSM02S5_2509_SQL_S02: The Art of Data Organization: Database Normalization Explained,67c03d818a51d4611b1150c7,1,Table Constraints,23m47s,1426.62,https://cdn.masaischool.com/sal-videos/67e20bb43a4f3930874ffe80/67bdb9176a057bd76554cbe4/master.m3u8,PASS — SQL Topics/title,Topics[:src] of Dump Session ID only,
10,10.2,SQL — Database normalization essentials,SQL,Students · PSE Focus · 3 sessions/week · 15 weeks,PTDSM02S5_2509_SQL_S02: The Art of Data Organization: Database Normalization Explained,67c03d818a51d4611b1150c7,2,Table Constraints - Pitfall,8m51s,531.22,https://cdn.masaischool.com/sal-videos/67e20bb43a4f3930874ffe80/67c008abec1f99cb1ce8dcf9/master.m3u8,PASS — SQL Topics/title,Topics[:src] of Dump Session ID only,
10,10.2,SQL — Database normalization essentials,SQL,Students · PSE Focus · 3 sessions/week · 15 weeks,PTDSM02S5_2509_SQL_S02: The Art of Data Organization: Database Normalization Explained,67c03d818a51d4611b1150c7,3,IA Discussion,5m48s,347.88,https://cdn.masaischool.com/sal-videos/67e20bb43a4f3930874ffe80/67c00d6fec1f99cb1ce904e7/master.m3u8,PASS — SQL Topics/title,Topics[:src] of Dump Session ID only,
10,10.2,SQL — Database normalization essentials,SQL,Students · PSE Focus · 3 sessions/week · 15 weeks,PTDSM02S5_2509_SQL_S02: The Art of Data Organization: Database Normalization Explained,67c03d818a51d4611b1150c7,4,Why Do We Need Normalization?,25m26s,1526.42,https://cdn.masaischool.com/sal-videos/67eaca4c3a4f393087231527/67c00915db588480169db127/master.m3u8,PASS — SQL Topics/title,Topics[:src] of Dump Session ID only,
10,10.2,SQL — Database normalization essentials,SQL,Students · PSE Focus · 3 sessions/week · 15 weeks,PTDSM02S5_2509_SQL_S02: The Art of Data Organization: Database Normalization Explained,67c03d818a51d4611b1150c7,5,Why Do We Need Normalization? - Pitfall,6m38s,398.28,https://cdn.masaischool.com/sal-videos/67eaca4c3a4f393087231527/67c009d0ec1f99cb1ce8e528/master.m3u8,PASS — SQL Topics/title,Topics[:src] of Dump Session ID only,
10,10.2,SQL — Database normalization essentials,SQL,Students · PSE Focus · 3 sessions/week · 15 weeks,PTDSM02S5_2509_SQL_S02: The Art of Data Organization: Database Normalization Explained,67c03d818a51d4611b1150c7,6,Types of normalization,21m42s,1302.15,https://cdn.masaischool.com/sal-videos/67eaca4c3a4f393087231527/67c00a86db588480169dbbe6/master.m3u8,PASS — SQL Topics/title,Topics[:src] of Dump Session ID only,
10,10.2,SQL — Database normalization essentials,SQL,Students · PSE Focus · 3 sessions/week · 15 weeks,PTDSM02S5_2509_SQL_S02: The Art of Data Organization: Database Normalization Explained,67c03d818a51d4611b1150c7,7,Types of normalization - Pitfall,7m06s,425.62,https://cdn.masaischool.com/sal-videos/67eaca4c3a4f393087231527/67c00bf8db588480169dc748/master.m3u8,PASS — SQL Topics/title,Topics[:src] of Dump Session ID only,
10,10.2,SQL — Database normalization essentials,SQL,Students · PSE Focus · 3 sessions/week · 15 weeks,PTDSM02S5_2509_SQL_S02: The Art of Data Organization: Database Normalization Explained,67c03d818a51d4611b1150c7,8,Reinforcing the Normalization,7m05s,424.68,https://cdn.masaischool.com/sal-videos/67fc1b0d824e0d7b6c098004/67c00c0a3e62e53909913bb9/master.m3u8,PASS — SQL Topics/title,Topics[:src] of Dump Session ID only,
10,10.2,SQL — Database normalization essentials,SQL,Students · PSE Focus · 3 sessions/week · 15 weeks,PTDSM02S5_2509_SQL_S02: The Art of Data Organization: Database Normalization Explained,67c03d818a51d4611b1150c7,9,Summary,4m31s,270.62,https://cdn.masaischool.com/sal-videos/67fc1b0d824e0d7b6c098004/67c00d653e62e539099148e9/master.m3u8,PASS — SQL Topics/title,Topics[:src] of Dump Session ID only,
10,10.3,SQL — ER diagrams & one-to-one joins,SQL,Students · PSE Focus · 3 sessions/week · 15 weeks,PTDSM02S5_2509_SQL_S03: The Blueprint of Databases: ER Diagrams and One-to-One Joins,67c043c91a9adeef902017f9,1,How will you understand a company’s database,21m22s,1281.55,https://cdn.masaischool.com/sal-videos/6822fad7a6e2ef55336eed22/67c01a12db588480169e7429/master.m3u8,PASS — SQL Topics/title,Topics[:src] of Dump Session ID only,
10,10.3,SQL — ER diagrams & one-to-one joins,SQL,Students · PSE Focus · 3 sessions/week · 15 weeks,PTDSM02S5_2509_SQL_S03: The Blueprint of Databases: ER Diagrams and One-to-One Joins,67c043c91a9adeef902017f9,2,How will you understand a company’s database - Pitfall,6m23s,382.55,https://cdn.masaischool.com/sal-videos/6822fad7a6e2ef55336eed22/67c01a18ec1f99cb1ce9a3fb/master.m3u8,PASS — SQL Topics/title,Topics[:src] of Dump Session ID only,
10,10.3,SQL — ER diagrams & one-to-one joins,SQL,Students · PSE Focus · 3 sessions/week · 15 weeks,PTDSM02S5_2509_SQL_S03: The Blueprint of Databases: ER Diagrams and One-to-One Joins,67c043c91a9adeef902017f9,3,IA Discussion,5m48s,347.88,https://cdn.masaischool.com/sal-videos/6822fad7a6e2ef55336eed22/67c01f85db588480169ea69e/master.m3u8,PASS — SQL Topics/title,Topics[:src] of Dump Session ID only,
10,10.3,SQL — ER diagrams & one-to-one joins,SQL,Students · PSE Focus · 3 sessions/week · 15 weeks,PTDSM02S5_2509_SQL_S03: The Blueprint of Databases: ER Diagrams and One-to-One Joins,67c043c91a9adeef902017f9,4,Understanding Relationships in an ER Diagram,21m55s,1315.22,https://cdn.masaischool.com/sal-videos/67e20b973a4f3930874ffda5/67c01a733e62e5390991ea8c/master.m3u8,PASS — SQL Topics/title,Topics[:src] of Dump Session ID only,
10,10.3,SQL — ER diagrams & one-to-one joins,SQL,Students · PSE Focus · 3 sessions/week · 15 weeks,PTDSM02S5_2509_SQL_S03: The Blueprint of Databases: ER Diagrams and One-to-One Joins,67c043c91a9adeef902017f9,5,Understanding Relationships in an ER Diagram - Pitfall,7m30s,449.75,https://cdn.masaischool.com/sal-videos/67e20b973a4f3930874ffda5/67c01a9eec1f99cb1ce9a7c9/master.m3u8,PASS — SQL Topics/title,Topics[:src] of Dump Session ID only,
10,10.3,SQL — ER diagrams & one-to-one joins,SQL,Students · PSE Focus · 3 sessions/week · 15 weeks,PTDSM02S5_2509_SQL_S03: The Blueprint of Databases: ER Diagrams and One-to-One Joins,67c043c91a9adeef902017f9,6,Creating a database with ER diagram,22m43s,1363.28,https://cdn.masaischool.com/sal-videos/67e20b973a4f3930874ffda5/67c01e94db588480169e9d44/master.m3u8,PASS — SQL Topics/title,Topics[:src] of Dump Session ID only,
10,10.3,SQL — ER diagrams & one-to-one joins,SQL,Students · PSE Focus · 3 sessions/week · 15 weeks,PTDSM02S5_2509_SQL_S03: The Blueprint of Databases: ER Diagrams and One-to-One Joins,67c043c91a9adeef902017f9,7,Creating a database with ER diagram - Pitfall,10m10s,609.55,https://cdn.masaischool.com/sal-videos/67e20b973a4f3930874ffda5/67c01e99ec1f99cb1ce9cd1c/master.m3u8,PASS — SQL Topics/title,Topics[:src] of Dump Session ID only,
10,10.3,SQL — ER diagrams & one-to-one joins,SQL,Students · PSE Focus · 3 sessions/week · 15 weeks,PTDSM02S5_2509_SQL_S03: The Blueprint of Databases: ER Diagrams and One-to-One Joins,67c043c91a9adeef902017f9,8,Summary,3m21s,201.02,https://cdn.masaischool.com/sal-videos/6822fad7a6e2ef55336eed22/67c01f703e62e5390992191c/master.m3u8,PASS — SQL Topics/title,Topics[:src] of Dump Session ID only,
11,11.1,Excel — Functions in Excel,Excel,Students · PSE Focus · 3 sessions/week · 15 weeks,CCP_BLOCK_1_S04: Functions in Excel,6845ea7d618c426169ee2dd8,1,Scene 1,47m22s,2842.21,https://cdn.masaischool.com/sal-videos/6818b299961de35e620c3a88/680a4d50bfddaecdcbce0420/master.m3u8,PASS — Excel Topics/title,Topics[:src] of Dump Session ID only,
11,11.1,Excel — Functions in Excel,Excel,Students · PSE Focus · 3 sessions/week · 15 weeks,CCP_BLOCK_1_S04: Functions in Excel,6845ea7d618c426169ee2dd8,2,rev 1,10m54s,653.99,https://cdn.masaischool.com/sal-videos/680f511f961de35e6247be16/680a4ee0ea5df7672d6ef4d0/master.m3u8,PASS — Excel Topics/title,Topics[:src] of Dump Session ID only,
11,11.1,Excel — Functions in Excel,Excel,Students · PSE Focus · 3 sessions/week · 15 weeks,CCP_BLOCK_1_S04: Functions in Excel,6845ea7d618c426169ee2dd8,3,IA Discussion,6m42s,401.93,https://cdn.masaischool.com/sal-videos/6818b298961de35e620be7e0/680a50a58e3471afc1798f3e/master.m3u8,PASS — Excel Topics/title,Topics[:src] of Dump Session ID only,
11,11.1,Excel — Functions in Excel,Excel,Students · PSE Focus · 3 sessions/week · 15 weeks,CCP_BLOCK_1_S04: Functions in Excel,6845ea7d618c426169ee2dd8,4,Scene 2,30m34s,1833.97,https://cdn.masaischool.com/sal-videos/6818b298961de35e620be7e0/680a4d79bfddaecdcbce0551/master.m3u8,PASS — Excel Topics/title,Topics[:src] of Dump Session ID only,
11,11.1,Excel — Functions in Excel,Excel,Students · PSE Focus · 3 sessions/week · 15 weeks,CCP_BLOCK_1_S04: Functions in Excel,6845ea7d618c426169ee2dd8,5,rev 2,12m02s,722.06,https://cdn.masaischool.com/sal-videos/6818b298961de35e620be7e0/680a4ef7ea5df7672d6ef530/master.m3u8,PASS — Excel Topics/title,Topics[:src] of Dump Session ID only,
11,11.1,Excel — Functions in Excel,Excel,Students · PSE Focus · 3 sessions/week · 15 weeks,CCP_BLOCK_1_S04: Functions in Excel,6845ea7d618c426169ee2dd8,6,Scene 3,26m31s,1591.16,https://cdn.masaischool.com/sal-videos/68998a3deb3c263fe60f437d/680a4d91bfddaecdcbce0635/master.m3u8,PASS — Excel Topics/title,Topics[:src] of Dump Session ID only,
11,11.1,Excel — Functions in Excel,Excel,Students · PSE Focus · 3 sessions/week · 15 weeks,CCP_BLOCK_1_S04: Functions in Excel,6845ea7d618c426169ee2dd8,7,rev 3,19m20s,1160.43,https://cdn.masaischool.com/sal-videos/68d271ab2a1d2494e90f0354/680a4f09bfddaecdcbce11ca/master.m3u8,PASS — Excel Topics/title,Topics[:src] of Dump Session ID only,
11,11.2,Excel — Functions practice / alternate cohort recording,Excel,Students · PSE Focus · 3 sessions/week · 15 weeks,CC_BLOCK_2_S4:Functions in Excel,686acbf75b865b2f6c89c854,1,Scene 1,47m22s,2842.21,https://cdn.masaischool.com/sal-videos/6818b299961de35e620c3a88/680a4d50bfddaecdcbce0420/master.m3u8,PASS — Excel Topics/title,Topics[:src] of Dump Session ID only,
11,11.2,Excel — Functions practice / alternate cohort recording,Excel,Students · PSE Focus · 3 sessions/week · 15 weeks,CC_BLOCK_2_S4:Functions in Excel,686acbf75b865b2f6c89c854,2,rev 1,10m54s,653.99,https://cdn.masaischool.com/sal-videos/680f511f961de35e6247be16/680a4ee0ea5df7672d6ef4d0/master.m3u8,PASS — Excel Topics/title,Topics[:src] of Dump Session ID only,
11,11.2,Excel — Functions practice / alternate cohort recording,Excel,Students · PSE Focus · 3 sessions/week · 15 weeks,CC_BLOCK_2_S4:Functions in Excel,686acbf75b865b2f6c89c854,3,IA Discussion,6m42s,401.93,https://cdn.masaischool.com/sal-videos/6818b298961de35e620be7e0/680a50a58e3471afc1798f3e/master.m3u8,PASS — Excel Topics/title,Topics[:src] of Dump Session ID only,
11,11.2,Excel — Functions practice / alternate cohort recording,Excel,Students · PSE Focus · 3 sessions/week · 15 weeks,CC_BLOCK_2_S4:Functions in Excel,686acbf75b865b2f6c89c854,4,Scene 2,30m34s,1833.96,https://cdn.masaischool.com/sal-videos/6818b298961de35e620be7e0/680a4d79bfddaecdcbce0551/master.m3u8,PASS — Excel Topics/title,Topics[:src] of Dump Session ID only,
11,11.2,Excel — Functions practice / alternate cohort recording,Excel,Students · PSE Focus · 3 sessions/week · 15 weeks,CC_BLOCK_2_S4:Functions in Excel,686acbf75b865b2f6c89c854,5,rev 2,12m02s,722.06,https://cdn.masaischool.com/sal-videos/6818b298961de35e620be7e0/680a4ef7ea5df7672d6ef530/master.m3u8,PASS — Excel Topics/title,Topics[:src] of Dump Session ID only,
11,11.2,Excel — Functions practice / alternate cohort recording,Excel,Students · PSE Focus · 3 sessions/week · 15 weeks,CC_BLOCK_2_S4:Functions in Excel,686acbf75b865b2f6c89c854,6,Scene 3,26m31s,1591.16,https://cdn.masaischool.com/sal-videos/68998a3deb3c263fe60f437d/680a4d91bfddaecdcbce0635/master.m3u8,PASS — Excel Topics/title,Topics[:src] of Dump Session ID only,
11,11.2,Excel — Functions practice / alternate cohort recording,Excel,Students · PSE Focus · 3 sessions/week · 15 weeks,CC_BLOCK_2_S4:Functions in Excel,686acbf75b865b2f6c89c854,7,rev 3,19m20s,1160.43,https://cdn.masaischool.com/sal-videos/68d271ab2a1d2494e90f0354/680a4f09bfddaecdcbce11ca/master.m3u8,PASS — Excel Topics/title,Topics[:src] of Dump Session ID only,
11,11.3,"Excel — VLOOKUP, XLOOKUP & HLOOKUP",Excel,Students · PSE Focus · 3 sessions/week · 15 weeks,"cc_b4_s2 : VLookup, XLookup & HLookup",68b7b86f5585f2fcceed0032,1,Scene 1,30m22s,1822.1,https://cdn.masaischool.com/sal-videos/68623937a44425acb358e0f4/6811df9735a0578c601a88bd/master.m3u8,PASS — Excel Topics/title,Topics[:src] of Dump Session ID only,WARNING: Same CDN video set as the other Excel session (Pivot). Verify content before use; dump may have mislinked Pivot vs VLookup.
11,11.3,"Excel — VLOOKUP, XLOOKUP & HLOOKUP",Excel,Students · PSE Focus · 3 sessions/week · 15 weeks,"cc_b4_s2 : VLookup, XLookup & HLookup",68b7b86f5585f2fcceed0032,2,Scene 2,13m45s,824.97,https://cdn.masaischool.com/sal-videos/68ecb1ae39def7aec89e0cdd/6811dfa98a78fc5b701529f9/master.m3u8,PASS — Excel Topics/title,Topics[:src] of Dump Session ID only,WARNING: Same CDN video set as the other Excel session (Pivot). Verify content before use; dump may have mislinked Pivot vs VLookup.
11,11.3,"Excel — VLOOKUP, XLOOKUP & HLOOKUP",Excel,Students · PSE Focus · 3 sessions/week · 15 weeks,"cc_b4_s2 : VLookup, XLookup & HLookup",68b7b86f5585f2fcceed0032,3,IA Scene,6m16s,375.53,https://cdn.masaischool.com/sal-videos/68ecb1ae39def7aec89e0cdd/6811dfb635a0578c601a8a39/master.m3u8,PASS — Excel Topics/title,Topics[:src] of Dump Session ID only,WARNING: Same CDN video set as the other Excel session (Pivot). Verify content before use; dump may have mislinked Pivot vs VLookup.
11,11.3,"Excel — VLOOKUP, XLOOKUP & HLOOKUP",Excel,Students · PSE Focus · 3 sessions/week · 15 weeks,"cc_b4_s2 : VLookup, XLookup & HLookup",68b7b86f5585f2fcceed0032,4,Scene 1,39m29s,2369.1,https://cdn.masaischool.com/sal-videos/68ecb1ae39def7aec89e0cdd/6811dfc29af7de0c15c26332/master.m3u8,PASS — Excel Topics/title,Topics[:src] of Dump Session ID only,WARNING: Same CDN video set as the other Excel session (Pivot). Verify content before use; dump may have mislinked Pivot vs VLookup.
11,11.3,"Excel — VLOOKUP, XLOOKUP & HLOOKUP",Excel,Students · PSE Focus · 3 sessions/week · 15 weeks,"cc_b4_s2 : VLookup, XLookup & HLookup",68b7b86f5585f2fcceed0032,5,Scene 2,17m58s,1077.6,https://cdn.masaischool.com/sal-videos/689a47d75fcb3af5972dc499/6811dfcc8a78fc5b70152b79/master.m3u8,PASS — Excel Topics/title,Topics[:src] of Dump Session ID only,WARNING: Same CDN video set as the other Excel session (Pivot). Verify content before use; dump may have mislinked Pivot vs VLookup.
11,11.3,"Excel — VLOOKUP, XLOOKUP & HLOOKUP",Excel,Students · PSE Focus · 3 sessions/week · 15 weeks,"cc_b4_s2 : VLookup, XLookup & HLookup",68b7b86f5585f2fcceed0032,6,Scene 1,23m48s,1428.47,https://cdn.masaischool.com/sal-videos/689a47d75fcb3af5972dc499/6811dfdb8a78fc5b70152c31/master.m3u8,PASS — Excel Topics/title,Topics[:src] of Dump Session ID only,WARNING: Same CDN video set as the other Excel session (Pivot). Verify content before use; dump may have mislinked Pivot vs VLookup.
12,12.1,Excel — Pivot tables and charts,Excel,Students · PSE Focus · 3 sessions/week · 15 weeks,CCP_BLOCK_1_S04: Pivot tables and charts,684738c2618c426169074cba,1,Scene 1,30m22s,1822.1,https://cdn.masaischool.com/sal-videos/68623937a44425acb358e0f4/6811df9735a0578c601a88bd/master.m3u8,PASS — Excel Topics/title,Topics[:src] of Dump Session ID only,WARNING: Same CDN video set as the other Excel session (VLOOKUP). Verify content before use; dump may have mislinked Pivot vs VLookup.
12,12.1,Excel — Pivot tables and charts,Excel,Students · PSE Focus · 3 sessions/week · 15 weeks,CCP_BLOCK_1_S04: Pivot tables and charts,684738c2618c426169074cba,2,Scene 2,13m45s,824.97,https://cdn.masaischool.com/sal-videos/68ecb1ae39def7aec89e0cdd/6811dfa98a78fc5b701529f9/master.m3u8,PASS — Excel Topics/title,Topics[:src] of Dump Session ID only,WARNING: Same CDN video set as the other Excel session (VLOOKUP). Verify content before use; dump may have mislinked Pivot vs VLookup.
12,12.1,Excel — Pivot tables and charts,Excel,Students · PSE Focus · 3 sessions/week · 15 weeks,CCP_BLOCK_1_S04: Pivot tables and charts,684738c2618c426169074cba,3,IA Scene,6m16s,375.53,https://cdn.masaischool.com/sal-videos/68ecb1ae39def7aec89e0cdd/6811dfb635a0578c601a8a39/master.m3u8,PASS — Excel Topics/title,Topics[:src] of Dump Session ID only,WARNING: Same CDN video set as the other Excel session (VLOOKUP). Verify content before use; dump may have mislinked Pivot vs VLookup.
12,12.1,Excel — Pivot tables and charts,Excel,Students · PSE Focus · 3 sessions/week · 15 weeks,CCP_BLOCK_1_S04: Pivot tables and charts,684738c2618c426169074cba,4,Scene 1,39m29s,2369.1,https://cdn.masaischool.com/sal-videos/68ecb1ae39def7aec89e0cdd/6811dfc29af7de0c15c26332/master.m3u8,PASS — Excel Topics/title,Topics[:src] of Dump Session ID only,WARNING: Same CDN video set as the other Excel session (VLOOKUP). Verify content before use; dump may have mislinked Pivot vs VLookup.
12,12.1,Excel — Pivot tables and charts,Excel,Students · PSE Focus · 3 sessions/week · 15 weeks,CCP_BLOCK_1_S04: Pivot tables and charts,684738c2618c426169074cba,5,Scene 2,17m58s,1077.6,https://cdn.masaischool.com/sal-videos/689a47d75fcb3af5972dc499/6811dfcc8a78fc5b70152b79/master.m3u8,PASS — Excel Topics/title,Topics[:src] of Dump Session ID only,WARNING: Same CDN video set as the other Excel session (VLOOKUP). Verify content before use; dump may have mislinked Pivot vs VLookup.
12,12.1,Excel — Pivot tables and charts,Excel,Students · PSE Focus · 3 sessions/week · 15 weeks,CCP_BLOCK_1_S04: Pivot tables and charts,684738c2618c426169074cba,6,Scene 1,23m48s,1428.47,https://cdn.masaischool.com/sal-videos/689a47d75fcb3af5972dc499/6811dfdb8a78fc5b70152c31/master.m3u8,PASS — Excel Topics/title,Topics[:src] of Dump Session ID only,WARNING: Same CDN video set as the other Excel session (VLOOKUP). Verify content before use; dump may have mislinked Pivot vs VLookup.
12,12.2,Excel — Visualizing data with dashboards,Excel,Students · PSE Focus · 3 sessions/week · 15 weeks,CC_BLOCK_2_S4:Visualizing Data with Dashboards,687002d25b865b2f6c1f7e7f,1,Scene 1,38m42s,2322.5,https://cdn.masaischool.com/sal-videos/691acf0502d7d50d9dc6187b/68380c89f98f4865d56477ca/master.m3u8,PASS — Excel Topics/title,Topics[:src] of Dump Session ID only,
12,12.2,Excel — Visualizing data with dashboards,Excel,Students · PSE Focus · 3 sessions/week · 15 weeks,CC_BLOCK_2_S4:Visualizing Data with Dashboards,687002d25b865b2f6c1f7e7f,2,Scene 2,12m46s,765.93,https://cdn.masaischool.com/sal-videos/687002d35b865b2f6c1fa7f2/68380c9573474c2687caf418/master.m3u8,PASS — Excel Topics/title,Topics[:src] of Dump Session ID only,
12,12.2,Excel — Visualizing data with dashboards,Excel,Students · PSE Focus · 3 sessions/week · 15 weeks,CC_BLOCK_2_S4:Visualizing Data with Dashboards,687002d25b865b2f6c1f7e7f,3,Scene IA,4m48s,287.87,https://cdn.masaischool.com/sal-videos/68da528d2a1d2494e94183da/68380ca06e1554aada431f51/master.m3u8,PASS — Excel Topics/title,Topics[:src] of Dump Session ID only,
12,12.2,Excel — Visualizing data with dashboards,Excel,Students · PSE Focus · 3 sessions/week · 15 weeks,CC_BLOCK_2_S4:Visualizing Data with Dashboards,687002d25b865b2f6c1f7e7f,4,Scene 1,38m32s,2312.0,https://cdn.masaischool.com/sal-videos/68da528d2a1d2494e94183da/68380cabf98f4865d56478d5/master.m3u8,PASS — Excel Topics/title,Topics[:src] of Dump Session ID only,
12,12.2,Excel — Visualizing data with dashboards,Excel,Students · PSE Focus · 3 sessions/week · 15 weeks,CC_BLOCK_2_S4:Visualizing Data with Dashboards,687002d25b865b2f6c1f7e7f,5,Scene 2,12m32s,752.3,https://cdn.masaischool.com/sal-videos/68da528d2a1d2494e94183da/68380cba6e1554aada43205a/master.m3u8,PASS — Excel Topics/title,Topics[:src] of Dump Session ID only,
12,12.2,Excel — Visualizing data with dashboards,Excel,Students · PSE Focus · 3 sessions/week · 15 weeks,CC_BLOCK_2_S4:Visualizing Data with Dashboards,687002d25b865b2f6c1f7e7f,6,Scene 1,24m34s,1473.6,https://cdn.masaischool.com/sal-videos/684fcf7adceadf1bb4a0956d/68380cc473474c2687caf57b/master.m3u8,PASS — Excel Topics/title,Topics[:src] of Dump Session ID only,
12,12.3,Excel — End-to-end dashboard,Excel,Students · PSE Focus · 3 sessions/week · 15 weeks,CCP_Block_1_S04: End to End Dashboard,684b121bdceadf1bb4805464,1,New Scene,33m16s,1995.73,https://cdn.masaischool.com/sal-videos/687002d35b865b2f6c1fc735/68394f306fcb7db8d6cda245/master.m3u8,PASS — Excel Topics/title,Topics[:src] of Dump Session ID only,
12,12.3,Excel — End-to-end dashboard,Excel,Students · PSE Focus · 3 sessions/week · 15 weeks,CCP_Block_1_S04: End to End Dashboard,684b121bdceadf1bb4805464,2,New Scene,12m59s,779.23,https://cdn.masaischool.com/sal-videos/687002d35b865b2f6c1fc735/68394f47c1c930f556659773/master.m3u8,PASS — Excel Topics/title,Topics[:src] of Dump Session ID only,
12,12.3,Excel — End-to-end dashboard,Excel,Students · PSE Focus · 3 sessions/week · 15 weeks,CCP_Block_1_S04: End to End Dashboard,684b121bdceadf1bb4805464,3,New Scene,5m38s,338.27,https://cdn.masaischool.com/sal-videos/684b121bdceadf1bb4805464/68394f55c1c930f5566597de/master.m3u8,PASS — Excel Topics/title,Topics[:src] of Dump Session ID only,
12,12.3,Excel — End-to-end dashboard,Excel,Students · PSE Focus · 3 sessions/week · 15 weeks,CCP_Block_1_S04: End to End Dashboard,684b121bdceadf1bb4805464,4,New Scene,27m00s,1620.2,https://cdn.masaischool.com/sal-videos/68da528d2a1d2494e941a323/68394f62c1c930f556659824/master.m3u8,PASS — Excel Topics/title,Topics[:src] of Dump Session ID only,
12,12.3,Excel — End-to-end dashboard,Excel,Students · PSE Focus · 3 sessions/week · 15 weeks,CCP_Block_1_S04: End to End Dashboard,684b121bdceadf1bb4805464,5,New Scene,22m13s,1332.97,https://cdn.masaischool.com/sal-videos/691acf0502d7d50d9dc637c4/68394f6f71151e6b58514317/master.m3u8,PASS — Excel Topics/title,Topics[:src] of Dump Session ID only,
13,13.1,Excel — Dashboarding practice,Excel,Students · PSE Focus · 3 sessions/week · 15 weeks,PTDSM04S2_2518_EXL105_S04: DashBoarding,68151a2c961de35e62e18760,1,Scene 1,46m26s,2785.74,https://cdn.masaischool.com/sal-videos/68342d6f907eb74ce68f8930/6815140532010edd9601baa9/master.m3u8,PASS — Excel Topics/title,Topics[:src] of Dump Session ID only,
13,13.1,Excel — Dashboarding practice,Excel,Students · PSE Focus · 3 sessions/week · 15 weeks,PTDSM04S2_2518_EXL105_S04: DashBoarding,68151a2c961de35e62e18760,2,Scene 2,17m19s,1038.7,https://cdn.masaischool.com/sal-videos/68342d6f907eb74ce68f8930/6815147f32010edd9601bd26/master.m3u8,PASS — Excel Topics/title,Topics[:src] of Dump Session ID only,
13,13.1,Excel — Dashboarding practice,Excel,Students · PSE Focus · 3 sessions/week · 15 weeks,PTDSM04S2_2518_EXL105_S04: DashBoarding,68151a2c961de35e62e18760,3,Scene IA,5m35s,334.6,https://cdn.masaischool.com/sal-videos/6822fae7a6e2ef5533754ed6/68151489e63aea8598549817/master.m3u8,PASS — Excel Topics/title,Topics[:src] of Dump Session ID only,
13,13.1,Excel — Dashboarding practice,Excel,Students · PSE Focus · 3 sessions/week · 15 weeks,PTDSM04S2_2518_EXL105_S04: DashBoarding,68151a2c961de35e62e18760,4,Scene 1,33m21s,2000.76,https://cdn.masaischool.com/sal-videos/68342d6f907eb74ce68f8930/68151495e63aea8598549847/master.m3u8,PASS — Excel Topics/title,Topics[:src] of Dump Session ID only,
13,13.1,Excel — Dashboarding practice,Excel,Students · PSE Focus · 3 sessions/week · 15 weeks,PTDSM04S2_2518_EXL105_S04: DashBoarding,68151a2c961de35e62e18760,5,Scene 2,15m17s,916.53,https://cdn.masaischool.com/sal-videos/6818b29e961de35e620ded29/681514a0c4342f3361539e69/master.m3u8,PASS — Excel Topics/title,Topics[:src] of Dump Session ID only,
13,13.1,Excel — Dashboarding practice,Excel,Students · PSE Focus · 3 sessions/week · 15 weeks,PTDSM04S2_2518_EXL105_S04: DashBoarding,68151a2c961de35e62e18760,6,Scene 1,18m42s,1121.63,https://cdn.masaischool.com/sal-videos/6818b29e961de35e620ded29/681514acc4342f3361539ea2/master.m3u8,PASS — Excel Topics/title,Topics[:src] of Dump Session ID only,
13,13.2,Excel — End-to-end dashboard (alternate),Excel,Students · PSE Focus · 3 sessions/week · 15 weeks,CC_BLOCK_2_S4:End to End Dashboard,687002d35b865b2f6c1fc735,1,New Scene,33m16s,1995.73,https://cdn.masaischool.com/sal-videos/687002d35b865b2f6c1fc735/68394f306fcb7db8d6cda245/master.m3u8,PASS — Excel Topics/title,Topics[:src] of Dump Session ID only,
13,13.2,Excel — End-to-end dashboard (alternate),Excel,Students · PSE Focus · 3 sessions/week · 15 weeks,CC_BLOCK_2_S4:End to End Dashboard,687002d35b865b2f6c1fc735,2,New Scene,12m59s,779.23,https://cdn.masaischool.com/sal-videos/687002d35b865b2f6c1fc735/68394f47c1c930f556659773/master.m3u8,PASS — Excel Topics/title,Topics[:src] of Dump Session ID only,
13,13.2,Excel — End-to-end dashboard (alternate),Excel,Students · PSE Focus · 3 sessions/week · 15 weeks,CC_BLOCK_2_S4:End to End Dashboard,687002d35b865b2f6c1fc735,3,New Scene,5m38s,338.27,https://cdn.masaischool.com/sal-videos/684b121bdceadf1bb4805464/68394f55c1c930f5566597de/master.m3u8,PASS — Excel Topics/title,Topics[:src] of Dump Session ID only,
13,13.2,Excel — End-to-end dashboard (alternate),Excel,Students · PSE Focus · 3 sessions/week · 15 weeks,CC_BLOCK_2_S4:End to End Dashboard,687002d35b865b2f6c1fc735,4,New Scene,27m00s,1620.2,https://cdn.masaischool.com/sal-videos/68da528d2a1d2494e941a323/68394f62c1c930f556659824/master.m3u8,PASS — Excel Topics/title,Topics[:src] of Dump Session ID only,
13,13.2,Excel — End-to-end dashboard (alternate),Excel,Students · PSE Focus · 3 sessions/week · 15 weeks,CC_BLOCK_2_S4:End to End Dashboard,687002d35b865b2f6c1fc735,5,New Scene,22m13s,1332.97,https://cdn.masaischool.com/sal-videos/691acf0502d7d50d9dc637c4/68394f6f71151e6b58514317/master.m3u8,PASS — Excel Topics/title,Topics[:src] of Dump Session ID only,
13,13.3,Excel — Prep session,Excel,Students · PSE Focus · 3 sessions/week · 15 weeks,DS-Excel-Prep Session,6787c5620408f8242b7f0299,1,New Scene,30m22s,1822.0,https://cdn.masaischool.com/sal-videos/6787c5620408f8242b7f0299/6787c1465bdf3d7d16d23033/master.m3u8,PASS — Excel Topics/title,Topics[:src] of Dump Session ID only,
13,13.3,Excel — Prep session,Excel,Students · PSE Focus · 3 sessions/week · 15 weeks,DS-Excel-Prep Session,6787c5620408f8242b7f0299,2,New Scene,5m45s,345.0,https://cdn.masaischool.com/sal-videos/6787c5620408f8242b7f0299/6787c45b5bdf3d7d16d241dd/master.m3u8,PASS — Excel Topics/title,Topics[:src] of Dump Session ID only,
13,13.3,Excel — Prep session,Excel,Students · PSE Focus · 3 sessions/week · 15 weeks,DS-Excel-Prep Session,6787c5620408f8242b7f0299,3,New Scene,17m34s,1054.0,https://cdn.masaischool.com/sal-videos/6787c5620408f8242b7f0299/6787c1245bdf3d7d16d22f0d/master.m3u8,PASS — Excel Topics/title,Topics[:src] of Dump Session ID only,
13,13.3,Excel — Prep session,Excel,Students · PSE Focus · 3 sessions/week · 15 weeks,DS-Excel-Prep Session,6787c5620408f8242b7f0299,4,New Scene,7m01s,421.0,https://cdn.masaischool.com/sal-videos/6787c5620408f8242b7f0299/6787b9bd5bdf3d7d16d1fe3f/master.m3u8,PASS — Excel Topics/title,Topics[:src] of Dump Session ID only,
13,13.3,Excel — Prep session,Excel,Students · PSE Focus · 3 sessions/week · 15 weeks,DS-Excel-Prep Session,6787c5620408f8242b7f0299,5,New Scene,6m44s,404.0,https://cdn.masaischool.com/sal-videos/6787c5620408f8242b7f0299/6787c3555bdf3d7d16d23d5e/master.m3u8,PASS — Excel Topics/title,Topics[:src] of Dump Session ID only,
14,14.1,Excel — Revision,Excel,Students · PSE Focus · 3 sessions/week · 15 weeks,Excel_Revision,6790da49b7a5f00a0a56b5de,1,Fundamentals of Excel,22m32s,1351.88,https://cdn.masaischool.com/sal-videos/6790da49b7a5f00a0a56b5de/679092e3d696a7af3b29be8c/master.m3u8,PASS — Excel Topics/title,Topics[:src] of Dump Session ID only,
14,14.1,Excel — Revision,Excel,Students · PSE Focus · 3 sessions/week · 15 weeks,Excel_Revision,6790da49b7a5f00a0a56b5de,2,Fundamentals of Excel - Rev,10m13s,612.95,https://cdn.masaischool.com/sal-videos/6790da49b7a5f00a0a56b5de/67909274d696a7af3b29bb19/master.m3u8,PASS — Excel Topics/title,Topics[:src] of Dump Session ID only,
14,14.1,Excel — Revision,Excel,Students · PSE Focus · 3 sessions/week · 15 weeks,Excel_Revision,6790da49b7a5f00a0a56b5de,3,IA Discussion,11m58s,718.22,https://cdn.masaischool.com/sal-videos/6790da49b7a5f00a0a56b5de/6790d794d696a7af3b2bc77e/master.m3u8,PASS — Excel Topics/title,Topics[:src] of Dump Session ID only,
14,14.1,Excel — Revision,Excel,Students · PSE Focus · 3 sessions/week · 15 weeks,Excel_Revision,6790da49b7a5f00a0a56b5de,4,Advanced Data Handling,22m53s,1373.35,https://cdn.masaischool.com/sal-videos/6790da49b7a5f00a0a56b5de/679097de062dc45cb277a969/master.m3u8,PASS — Excel Topics/title,Topics[:src] of Dump Session ID only,
14,14.1,Excel — Revision,Excel,Students · PSE Focus · 3 sessions/week · 15 weeks,Excel_Revision,6790da49b7a5f00a0a56b5de,5,Advanced Data Handling - Rev,13m02s,782.42,https://cdn.masaischool.com/sal-videos/6790da49b7a5f00a0a56b5de/679098762b98d1337549d1c7/master.m3u8,PASS — Excel Topics/title,Topics[:src] of Dump Session ID only,
14,14.1,Excel — Revision,Excel,Students · PSE Focus · 3 sessions/week · 15 weeks,Excel_Revision,6790da49b7a5f00a0a56b5de,6,Visualization in Excel,20m46s,1245.75,https://cdn.masaischool.com/sal-videos/6790da49b7a5f00a0a56b5de/67909879062dc45cb277adeb/master.m3u8,PASS — Excel Topics/title,Topics[:src] of Dump Session ID only,
14,14.1,Excel — Revision,Excel,Students · PSE Focus · 3 sessions/week · 15 weeks,Excel_Revision,6790da49b7a5f00a0a56b5de,7,Visualization in Excel - Rev,10m36s,635.55,https://cdn.masaischool.com/sal-videos/6790da49b7a5f00a0a56b5de/6790989f2b98d1337549d347/master.m3u8,PASS — Excel Topics/title,Topics[:src] of Dump Session ID only,
14,14.2,Numbers for Excel/SQL — statistics overview (descriptive),Maths,Students · PSE Focus · 3 sessions/week · 15 weeks,CCP_Block_1: The Power of Numbers: Unveiling Statistics in Data Science,68409664b3353985f57d175d,1,What is Statistics and Its Role in Data Science,24m28s,1467.67,https://cdn.masaischool.com/sal-videos/67d963e98a19e315e7b7e1a8/67d948fccbc68914a35a86cd/master.m3u8,PASS — Maths support Topics,Topics[:src] of Dump Session ID only,
14,14.2,Numbers for Excel/SQL — statistics overview (descriptive),Maths,Students · PSE Focus · 3 sessions/week · 15 weeks,CCP_Block_1: The Power of Numbers: Unveiling Statistics in Data Science,68409664b3353985f57d175d,2,Understanding Data Types (Categorical & Numerical),27m32s,1651.77,https://cdn.masaischool.com/sal-videos/682b5dc71b0b84e7b3a68c26/67d9498aefcecbdea76c243c/master.m3u8,PASS — Maths support Topics,Topics[:src] of Dump Session ID only,
14,14.2,Numbers for Excel/SQL — statistics overview (descriptive),Maths,Students · PSE Focus · 3 sessions/week · 15 weeks,CCP_Block_1: The Power of Numbers: Unveiling Statistics in Data Science,68409664b3353985f57d175d,3,Understanding Data Types (Categorical & Numerical) - Pitfall,9m23s,562.95,https://cdn.masaischool.com/sal-videos/67d963e98a19e315e7b7e1a8/67d9497945ef0663b06c67ec/master.m3u8,PASS — Maths support Topics,Topics[:src] of Dump Session ID only,
14,14.2,Numbers for Excel/SQL — statistics overview (descriptive),Maths,Students · PSE Focus · 3 sessions/week · 15 weeks,CCP_Block_1: The Power of Numbers: Unveiling Statistics in Data Science,68409664b3353985f57d175d,4,Types of Numerical Data (Discrete & Continuous),24m35s,1474.88,https://cdn.masaischool.com/sal-videos/67d963e98a19e315e7b7e1a8/67d949e145ef0663b06c6af8/master.m3u8,PASS — Maths support Topics,Topics[:src] of Dump Session ID only,
14,14.2,Numbers for Excel/SQL — statistics overview (descriptive),Maths,Students · PSE Focus · 3 sessions/week · 15 weeks,CCP_Block_1: The Power of Numbers: Unveiling Statistics in Data Science,68409664b3353985f57d175d,5,Types of Numerical Data (Discrete & Continuous) - Pitfall,6m59s,419.13,https://cdn.masaischool.com/sal-videos/67d963e98a19e315e7b7e1a8/67d94a2c45ef0663b06c6cc3/master.m3u8,PASS — Maths support Topics,Topics[:src] of Dump Session ID only,
14,14.2,Numbers for Excel/SQL — statistics overview (descriptive),Maths,Students · PSE Focus · 3 sessions/week · 15 weeks,CCP_Block_1: The Power of Numbers: Unveiling Statistics in Data Science,68409664b3353985f57d175d,6,"Scales of Measurement (Nominal, Ordinal, Interval, Ratio)",31m03s,1863.27,https://cdn.masaischool.com/sal-videos/67d963e98a19e315e7b7e1a8/67d94c8745ef0663b06c8179/master.m3u8,PASS — Maths support Topics,Topics[:src] of Dump Session ID only,
14,14.2,Numbers for Excel/SQL — statistics overview (descriptive),Maths,Students · PSE Focus · 3 sessions/week · 15 weeks,CCP_Block_1: The Power of Numbers: Unveiling Statistics in Data Science,68409664b3353985f57d175d,7,"Scales of Measurement (Nominal, Ordinal, Interval, Ratio) - Pitfall",7m37s,456.53,https://cdn.masaischool.com/sal-videos/67d963e98a19e315e7b7e1a8/67d94c7ecbc68914a35aa471/master.m3u8,PASS — Maths support Topics,Topics[:src] of Dump Session ID only,
14,14.2,Numbers for Excel/SQL — statistics overview (descriptive),Maths,Students · PSE Focus · 3 sessions/week · 15 weeks,CCP_Block_1: The Power of Numbers: Unveiling Statistics in Data Science,68409664b3353985f57d175d,8,IA Discussion,3m32s,212.02,https://cdn.masaischool.com/sal-videos/67d963e98a19e315e7b7e1a8/67d94cfb45ef0663b06c87a0/master.m3u8,PASS — Maths support Topics,Topics[:src] of Dump Session ID only,
14,14.2,Numbers for Excel/SQL — statistics overview (descriptive),Maths,Students · PSE Focus · 3 sessions/week · 15 weeks,CCP_Block_1: The Power of Numbers: Unveiling Statistics in Data Science,68409664b3353985f57d175d,9,Summary,0m50s,49.8,https://cdn.masaischool.com/sal-videos/687e16a414073865a3614984/67d94d3b45ef0663b06c8b24/master.m3u8,PASS — Maths support Topics,Topics[:src] of Dump Session ID only,
14,14.3,Central tendency & dispersion (for pivot/SQL summaries),Maths,Students · PSE Focus · 3 sessions/week · 15 weeks,PDSU04-MU02_S02: The Heart of Data: Central Tendency and Dispersion Demystified,68468868618c426169f46d3b,1,Introduction to Frequency Tables and Class Intervals,34m15s,2054.72,https://cdn.masaischool.com/sal-videos/6803dfb604872b1793cff431/67da94270f9569535c003a5e/master.m3u8,PASS — Maths support Topics,Topics[:src] of Dump Session ID only,
14,14.3,Central tendency & dispersion (for pivot/SQL summaries),Maths,Students · PSE Focus · 3 sessions/week · 15 weeks,PDSU04-MU02_S02: The Heart of Data: Central Tendency and Dispersion Demystified,68468868618c426169f46d3b,2,Introduction to Frequency Tables and Class Intervals - Pitfall,11m09s,669.45,https://cdn.masaischool.com/sal-videos/6822fadaa6e2ef55336f6b19/67da985ade27d6cecd7e77f3/master.m3u8,PASS — Maths support Topics,Topics[:src] of Dump Session ID only,
14,14.3,Central tendency & dispersion (for pivot/SQL summaries),Maths,Students · PSE Focus · 3 sessions/week · 15 weeks,PDSU04-MU02_S02: The Heart of Data: Central Tendency and Dispersion Demystified,68468868618c426169f46d3b,3,IA Discussion,4m59s,299.25,https://cdn.masaischool.com/sal-videos/67dacd568a19e315e7f03af2/67daa886f5c570a31e709658/master.m3u8,PASS — Maths support Topics,Topics[:src] of Dump Session ID only,
14,14.3,Central tendency & dispersion (for pivot/SQL summaries),Maths,Students · PSE Focus · 3 sessions/week · 15 weeks,PDSU04-MU02_S02: The Heart of Data: Central Tendency and Dispersion Demystified,68468868618c426169f46d3b,4,"Visualizing Data: Histograms, Bar Charts, and Pie Charts",31m55s,1915.12,https://cdn.masaischool.com/sal-videos/67dacd568a19e315e7f03af2/67da9988f5c570a31e70260c/master.m3u8,PASS — Maths support Topics,Topics[:src] of Dump Session ID only,
14,14.3,Central tendency & dispersion (for pivot/SQL summaries),Maths,Students · PSE Focus · 3 sessions/week · 15 weeks,PDSU04-MU02_S02: The Heart of Data: Central Tendency and Dispersion Demystified,68468868618c426169f46d3b,5,"Visualizing Data: Histograms, Bar Charts, and Pie Charts - Pitfall",10m00s,600.02,https://cdn.masaischool.com/sal-videos/67dacd568a19e315e7f03af2/67daa653de27d6cecd7edd6e/master.m3u8,PASS — Maths support Topics,Topics[:src] of Dump Session ID only,
14,14.3,Central tendency & dispersion (for pivot/SQL summaries),Maths,Students · PSE Focus · 3 sessions/week · 15 weeks,PDSU04-MU02_S02: The Heart of Data: Central Tendency and Dispersion Demystified,68468868618c426169f46d3b,6,"Data Distributions (Uniform, Normal, and Skewed)",31m58s,1918.0,https://cdn.masaischool.com/sal-videos/67dacd568a19e315e7f03af2/67daa83ff5c570a31e709477/master.m3u8,PASS — Maths support Topics,Topics[:src] of Dump Session ID only,
14,14.3,Central tendency & dispersion (for pivot/SQL summaries),Maths,Students · PSE Focus · 3 sessions/week · 15 weeks,PDSU04-MU02_S02: The Heart of Data: Central Tendency and Dispersion Demystified,68468868618c426169f46d3b,7,"Data Distributions (Uniform, Normal, and Skewed) - Pitfall",11m18s,677.7,https://cdn.masaischool.com/sal-videos/67dacd568a19e315e7f03af2/67daa83b0f9569535c00d3c9/master.m3u8,PASS — Maths support Topics,Topics[:src] of Dump Session ID only,
14,14.3,Central tendency & dispersion (for pivot/SQL summaries),Maths,Students · PSE Focus · 3 sessions/week · 15 weeks,PDSU04-MU02_S02: The Heart of Data: Central Tendency and Dispersion Demystified,68468868618c426169f46d3b,8,Summary,1m57s,116.82,https://cdn.masaischool.com/sal-videos/6803dfb604872b1793cff431/67daa86ade27d6cecd7eea2c/master.m3u8,PASS — Maths support Topics,Topics[:src] of Dump Session ID only,
15,15.1,Integration — SQL window/ranking review for interviews,SQL,Students · PSE Focus · 3 sessions/week · 15 weeks,CC_BLOCK_2_S2:Window Functions: Ranking Data in Style,685d8b8da44425acb3013e15,1,Need for window functions in sql,23m31s,1411.48,https://cdn.masaischool.com/sal-videos/680f5110961de35e624386d4/67b34bfb3224e5c4cfc9739d/master.m3u8,PASS — SQL Topics/title,Topics[:src] of Dump Session ID only,
15,15.1,Integration — SQL window/ranking review for interviews,SQL,Students · PSE Focus · 3 sessions/week · 15 weeks,CC_BLOCK_2_S2:Window Functions: Ranking Data in Style,685d8b8da44425acb3013e15,2,Need for window functions in sql - Pitfall,10m42s,641.68,https://cdn.masaischool.com/sal-videos/6818b288961de35e6206a9c9/67b34c08afc06fd649da51bc/master.m3u8,PASS — SQL Topics/title,Topics[:src] of Dump Session ID only,
15,15.1,Integration — SQL window/ranking review for interviews,SQL,Students · PSE Focus · 3 sessions/week · 15 weeks,CC_BLOCK_2_S2:Window Functions: Ranking Data in Style,685d8b8da44425acb3013e15,3,Need for window functions in sql - IA Session,5m48s,347.88,https://cdn.masaischool.com/sal-videos/6818b288961de35e6206a9c9/67b34c1f3224e5c4cfc97488/master.m3u8,PASS — SQL Topics/title,Topics[:src] of Dump Session ID only,
15,15.1,Integration — SQL window/ranking review for interviews,SQL,Students · PSE Focus · 3 sessions/week · 15 weeks,CC_BLOCK_2_S2:Window Functions: Ranking Data in Style,685d8b8da44425acb3013e15,4,Understanding the structure of query,29m31s,1771.15,https://cdn.masaischool.com/sal-videos/685d8b8ea44425acb30149d8/67b34c353224e5c4cfc9752b/master.m3u8,PASS — SQL Topics/title,Topics[:src] of Dump Session ID only,
15,15.1,Integration — SQL window/ranking review for interviews,SQL,Students · PSE Focus · 3 sessions/week · 15 weeks,CC_BLOCK_2_S2:Window Functions: Ranking Data in Style,685d8b8da44425acb3013e15,5,Understanding the structure of query - Pitfall,6m45s,405.35,https://cdn.masaischool.com/sal-videos/685d8b8ea44425acb30149d8/67b34c42a088b0540c0eaff4/master.m3u8,PASS — SQL Topics/title,Topics[:src] of Dump Session ID only,
15,15.1,Integration — SQL window/ranking review for interviews,SQL,Students · PSE Focus · 3 sessions/week · 15 weeks,CC_BLOCK_2_S2:Window Functions: Ranking Data in Style,685d8b8da44425acb3013e15,6,Different types of ranking window functions,28m21s,1701.42,https://cdn.masaischool.com/sal-videos/680f5110961de35e624386d4/67b38b13a088b0540c0fece4/master.m3u8,PASS — SQL Topics/title,Topics[:src] of Dump Session ID only,
15,15.1,Integration — SQL window/ranking review for interviews,SQL,Students · PSE Focus · 3 sessions/week · 15 weeks,CC_BLOCK_2_S2:Window Functions: Ranking Data in Style,685d8b8da44425acb3013e15,7,Different types of ranking window functions - Pitfall,8m04s,483.75,https://cdn.masaischool.com/sal-videos/680f5110961de35e624386d4/67b34c5ea088b0540c0eb0a7/master.m3u8,PASS — SQL Topics/title,Topics[:src] of Dump Session ID only,
15,15.1,Integration — SQL window/ranking review for interviews,SQL,Students · PSE Focus · 3 sessions/week · 15 weeks,CC_BLOCK_2_S2:Window Functions: Ranking Data in Style,685d8b8da44425acb3013e15,8,Subtopic 4,30m46s,1846.35,https://cdn.masaischool.com/sal-videos/68468861618c426169f2a5f1/67b34c6a3224e5c4cfc9769d/master.m3u8,PASS — SQL Topics/title,Topics[:src] of Dump Session ID only,
15,15.1,Integration — SQL window/ranking review for interviews,SQL,Students · PSE Focus · 3 sessions/week · 15 weeks,CC_BLOCK_2_S2:Window Functions: Ranking Data in Style,685d8b8da44425acb3013e15,9,Summary,2m32s,152.02,https://cdn.masaischool.com/sal-videos/6818b288961de35e6206a9c9/67b34c76afc06fd649da5521/master.m3u8,PASS — SQL Topics/title,Topics[:src] of Dump Session ID only,
15,15.2,Integration — Excel dashboard final pass,Excel,Students · PSE Focus · 3 sessions/week · 15 weeks,PBAU07-MU01_S04: End to End Dashboard,6839823c907eb74ce60288b1,1,New Scene,33m16s,1995.73,https://cdn.masaischool.com/sal-videos/687002d35b865b2f6c1fc735/68394f306fcb7db8d6cda245/master.m3u8,PASS — Excel Topics/title,Topics[:src] of Dump Session ID only,
15,15.2,Integration — Excel dashboard final pass,Excel,Students · PSE Focus · 3 sessions/week · 15 weeks,PBAU07-MU01_S04: End to End Dashboard,6839823c907eb74ce60288b1,2,New Scene,12m59s,779.23,https://cdn.masaischool.com/sal-videos/687002d35b865b2f6c1fc735/68394f47c1c930f556659773/master.m3u8,PASS — Excel Topics/title,Topics[:src] of Dump Session ID only,
15,15.2,Integration — Excel dashboard final pass,Excel,Students · PSE Focus · 3 sessions/week · 15 weeks,PBAU07-MU01_S04: End to End Dashboard,6839823c907eb74ce60288b1,3,New Scene,5m38s,338.27,https://cdn.masaischool.com/sal-videos/684b121bdceadf1bb4805464/68394f55c1c930f5566597de/master.m3u8,PASS — Excel Topics/title,Topics[:src] of Dump Session ID only,
15,15.2,Integration — Excel dashboard final pass,Excel,Students · PSE Focus · 3 sessions/week · 15 weeks,PBAU07-MU01_S04: End to End Dashboard,6839823c907eb74ce60288b1,4,New Scene,27m00s,1620.2,https://cdn.masaischool.com/sal-videos/68da528d2a1d2494e941a323/68394f62c1c930f556659824/master.m3u8,PASS — Excel Topics/title,Topics[:src] of Dump Session ID only,
15,15.2,Integration — Excel dashboard final pass,Excel,Students · PSE Focus · 3 sessions/week · 15 weeks,PBAU07-MU01_S04: End to End Dashboard,6839823c907eb74ce60288b1,5,New Scene,22m13s,1332.97,https://cdn.masaischool.com/sal-videos/691acf0502d7d50d9dc637c4/68394f6f71151e6b58514317/master.m3u8,PASS — Excel Topics/title,Topics[:src] of Dump Session ID only,
15,15.3,Integration — Python prep final consolidation,Python,Students · PSE Focus · 3 sessions/week · 15 weeks,Python Prep Session,67865c798645e0134f592718,1,New Scene,24m54s,1494.0,https://cdn.masaischool.com/sal-videos/67865c798645e0134f592718/678659bd61e6f9f4a6ac2d58/master.m3u8,PASS — Python/AIML Topics or Python-track title,Topics[:src] of Dump Session ID only,
15,15.3,Integration — Python prep final consolidation,Python,Students · PSE Focus · 3 sessions/week · 15 weeks,Python Prep Session,67865c798645e0134f592718,2,New Scene,7m12s,432.0,https://cdn.masaischool.com/sal-videos/67865c798645e0134f592718/678659df61e6f9f4a6ac2e5f/master.m3u8,PASS — Python/AIML Topics or Python-track title,Topics[:src] of Dump Session ID only,
15,15.3,Integration — Python prep final consolidation,Python,Students · PSE Focus · 3 sessions/week · 15 weeks,Python Prep Session,67865c798645e0134f592718,3,New Scene,5m19s,319.0,https://cdn.masaischool.com/sal-videos/67865c798645e0134f592718/67865aa45c56862cc7797a18/master.m3u8,PASS — Python/AIML Topics or Python-track title,Topics[:src] of Dump Session ID only,
15,15.3,Integration — Python prep final consolidation,Python,Students · PSE Focus · 3 sessions/week · 15 weeks,Python Prep Session,67865c798645e0134f592718,4,New Scene,21m32s,1292.0,https://cdn.masaischool.com/sal-videos/67865c798645e0134f592718/67865a031ca67b92b07eb37d/master.m3u8,PASS — Python/AIML Topics or Python-track title,Topics[:src] of Dump Session ID only,
15,15.3,Integration — Python prep final consolidation,Python,Students · PSE Focus · 3 sessions/week · 15 weeks,Python Prep Session,67865c798645e0134f592718,5,New Scene,6m05s,365.0,https://cdn.masaischool.com/sal-videos/67865c798645e0134f592718/67865a245c56862cc779751a/master.m3u8,PASS — Python/AIML Topics or Python-track title,Topics[:src] of Dump Session ID only,
15,15.3,Integration — Python prep final consolidation,Python,Students · PSE Focus · 3 sessions/week · 15 weeks,Python Prep Session,67865c798645e0134f592718,6,New Scene,16m40s,1000.0,https://cdn.masaischool.com/sal-videos/67865c798645e0134f592718/67865a575c56862cc7797764/master.m3u8,PASS — Python/AIML Topics or Python-track title,Topics[:src] of Dump Session ID only,
15,15.3,Integration — Python prep final consolidation,Python,Students · PSE Focus · 3 sessions/week · 15 weeks,Python Prep Session,67865c798645e0134f592718,7,New Scene,7m29s,449.0,https://cdn.masaischool.com/sal-videos/67865c798645e0134f592718/67865a7d1ca67b92b07eb88c/master.m3u8,PASS — Python/AIML Topics or Python-track title,Topics[:src] of Dump Session ID only,
