Week,Session Number,Title,Domain,Title from Dump,Dump Session ID,Part Count,Video Part Names,Video Links (all parts from Topics),Video Links JSON,Total Parts Duration,Content Fit,Topics QC,Dump Data Warning,Match Status
1,1.1,Python — Introduction to programming + Python basics,Python,FDN_Tech_1: Python Basics and Problem Discussions,6a324afd70f9341990ad7cfb,8,"1. Introduction to programming language
2. Introduction to programming language - Revision
3. Introduction to programming language - IA Discussion
4. Introduction to python and variables
5. Introduction to python and variables - Revision
6. Introduction to data types
7. Introduction to data types - Revision
8. Session Feedback","1. https://cdn.masaischool.com/hls-videos/158459/6a2c04d30b4e7313aec25f28/master.m3u8
2. https://cdn.masaischool.com/sal-videos/6756eb497cb2703e9e93e4c4/6756de4063a84726545f5ff3/master.m3u8
3. https://cdn.masaischool.com/sal-videos/6756eb497cb2703e9e93e4c4/6756de4063a84726545f5ff0/master.m3u8
4. https://cdn.masaischool.com/sal-videos/6756eb497cb2703e9e93e4c4/6756de40d60f7be9e276e6c7/master.m3u8
5. https://cdn.masaischool.com/sal-videos/6756eb497cb2703e9e93e4c4/6756de40d60f7be9e276e6c5/master.m3u8
6. https://cdn.masaischool.com/sal-videos/6756eb497cb2703e9e93e4c4/6756de40d60f7be9e276e6c0/master.m3u8
7. https://cdn.masaischool.com/sal-videos/6756eb497cb2703e9e93e4c4/6756de405222d1a7afdc9728/master.m3u8
8. https://cdn.masaischool.com/hls-videos/158462/6a2c068d0b4e7313aec25f2c/master.m3u8","[{""part"": 1, ""name"": ""Introduction to programming language"", ""duration_sec"": 2142.499918000007, ""url"": ""https://cdn.masaischool.com/hls-videos/158459/6a2c04d30b4e7313aec25f28/master.m3u8""}, {""part"": 2, ""name"": ""Introduction to programming language - Revision"", ""duration_sec"": 551.566667, ""url"": ""https://cdn.masaischool.com/sal-videos/6756eb497cb2703e9e93e4c4/6756de4063a84726545f5ff3/master.m3u8""}, {""part"": 3, ""name"": ""Introduction to programming language - IA Discussion"", ""duration_sec"": 207.216667, ""url"": ""https://cdn.masaischool.com/sal-videos/6756eb497cb2703e9e93e4c4/6756de4063a84726545f5ff0/master.m3u8""}, {""part"": 4, ""name"": ""Introduction to python and variables"", ""duration_sec"": 914.85, ""url"": ""https://cdn.masaischool.com/sal-videos/6756eb497cb2703e9e93e4c4/6756de40d60f7be9e276e6c7/master.m3u8""}, {""part"": 5, ""name"": ""Introduction to python and variables - Revision"", ""duration_sec"": 471.566667, ""url"": ""https://cdn.masaischool.com/sal-videos/6756eb497cb2703e9e93e4c4/6756de40d60f7be9e276e6c5/master.m3u8""}, {""part"": 6, ""name"": ""Introduction to data types"", ""duration_sec"": 985.7, ""url"": ""https://cdn.masaischool.com/sal-videos/6756eb497cb2703e9e93e4c4/6756de40d60f7be9e276e6c0/master.m3u8""}, {""part"": 7, ""name"": ""Introduction to data types - Revision"", ""duration_sec"": 371.983333, ""url"": ""https://cdn.masaischool.com/sal-videos/6756eb497cb2703e9e93e4c4/6756de405222d1a7afdc9728/master.m3u8""}, {""part"": 8, ""name"": ""Session Feedback"", ""duration_sec"": 59.999997999999984, ""url"": ""https://cdn.masaischool.com/hls-videos/158462/6a2c068d0b4e7313aec25f2c/master.m3u8""}]",95m05s,PASS — Python/AIML Topics or Python-track title,PASS,,matched (8 parts) · content-fit OK
1,1.2,Python — Operators and conditional statements,Python,FDN_Tech_2: Python Building Block: Operators and conditional statements in python,6a2bf91c71a0310a05c77ddd,5,"1. Mathematical operators
2. Mathematical operators - Revision
3. Mathematical operators - IA Discussion
4. Conditional statements
5. Conditional statements - Revision","1. https://cdn.masaischool.com/hls-videos/158461/6a2c04e50b4e7313aec25f2a/master.m3u8
2. https://cdn.masaischool.com/sal-videos/67584a45d2a87ed37198b7e7/6758472706dc6d2987d0fdd7/master.m3u8
3. https://cdn.masaischool.com/sal-videos/67584a45d2a87ed37198b7e7/67584727cf41893ec56beb31/master.m3u8
4. https://cdn.masaischool.com/hls-videos/158460/6a2c04db0b4e7313aec25f29/master.m3u8
5. https://cdn.masaischool.com/sal-videos/67584a45d2a87ed37198b7e7/67584727977ce5909271b2f7/master.m3u8","[{""part"": 1, ""name"": ""Mathematical operators"", ""duration_sec"": 2981.4998810000106, ""url"": ""https://cdn.masaischool.com/hls-videos/158461/6a2c04e50b4e7313aec25f2a/master.m3u8""}, {""part"": 2, ""name"": ""Mathematical operators - Revision"", ""duration_sec"": 429.583, ""url"": ""https://cdn.masaischool.com/sal-videos/67584a45d2a87ed37198b7e7/6758472706dc6d2987d0fdd7/master.m3u8""}, {""part"": 3, ""name"": ""Mathematical operators - IA Discussion"", ""duration_sec"": 257.0, ""url"": ""https://cdn.masaischool.com/sal-videos/67584a45d2a87ed37198b7e7/67584727cf41893ec56beb31/master.m3u8""}, {""part"": 4, ""name"": ""Conditional statements"", ""duration_sec"": 1755.6332650000054, ""url"": ""https://cdn.masaischool.com/hls-videos/158460/6a2c04db0b4e7313aec25f29/master.m3u8""}, {""part"": 5, ""name"": ""Conditional statements - Revision"", ""duration_sec"": 350.633, ""url"": ""https://cdn.masaischool.com/sal-videos/67584a45d2a87ed37198b7e7/67584727977ce5909271b2f7/master.m3u8""}]",96m14s,PASS — Python/AIML Topics or Python-track title,PASS,,matched (5 parts) · content-fit OK
1,1.3,Python — Control flow: conditionals and loops,Python,FDN_Tech_3: Mastering Control Flow: Conditional and Loop in Python,6a3526ea70f9341990b1a706,6,"1. While Loops - Concept
2. While Loops - Revision
3. IA Discussion
4. For Loops - Concept
5. For Loops - Revision
6. IA Discussion","1. https://cdn.masaischool.com/hls-videos/158849/6a33b7550b4e7313aec260cd/master.m3u8
2. https://cdn.masaischool.com/sal-videos/67597b935f06a365b17c4be7/675975d94b6d869434a86842/master.m3u8
3. https://cdn.masaischool.com/sal-videos/67597b935f06a365b17c4be7/6759761afea2465d7e53d307/master.m3u8
4. https://cdn.masaischool.com/hls-videos/158850/6a33b79a0b4e7313aec260ce/master.m3u8
5. https://cdn.masaischool.com/sal-videos/67597b935f06a365b17c4be7/6759788efea2465d7e53e621/master.m3u8
6. https://cdn.masaischool.com/sal-videos/67597b935f06a365b17c4be7/675978c14b6d869434a87ecd/master.m3u8","[{""part"": 1, ""name"": ""While Loops - Concept"", ""duration_sec"": 3170.2332080000115, ""url"": ""https://cdn.masaischool.com/hls-videos/158849/6a33b7550b4e7313aec260cd/master.m3u8""}, {""part"": 2, ""name"": ""While Loops - Revision"", ""duration_sec"": 411.5, ""url"": ""https://cdn.masaischool.com/sal-videos/67597b935f06a365b17c4be7/675975d94b6d869434a86842/master.m3u8""}, {""part"": 3, ""name"": ""IA Discussion"", ""duration_sec"": 207.0, ""url"": ""https://cdn.masaischool.com/sal-videos/67597b935f06a365b17c4be7/6759761afea2465d7e53d307/master.m3u8""}, {""part"": 4, ""name"": ""For Loops - Concept"", ""duration_sec"": 1807.2332620000054, ""url"": ""https://cdn.masaischool.com/hls-videos/158850/6a33b79a0b4e7313aec260ce/master.m3u8""}, {""part"": 5, ""name"": ""For Loops - Revision"", ""duration_sec"": 352.433, ""url"": ""https://cdn.masaischool.com/sal-videos/67597b935f06a365b17c4be7/6759788efea2465d7e53e621/master.m3u8""}, {""part"": 6, ""name"": ""IA Discussion"", ""duration_sec"": 207.0, ""url"": ""https://cdn.masaischool.com/sal-videos/67597b935f06a365b17c4be7/675978c14b6d869434a87ecd/master.m3u8""}]",102m35s,PASS — Python/AIML Topics or Python-track title,PASS,,matched (6 parts) · content-fit OK
2,2.1,"Python — break, continue, and nested loops",Python,"FDN_Tech_4: Understanding break, continue, and Nested Loops",6a3e87829cb306ef33d40829,5,"1. Break and Continue concept
2. Break and Continue Revision
3. IA Discussion
4. Nested Loops Concept
5. Nested Loops Revision","1. https://cdn.masaischool.com/hls-videos/160100/6a3e742f0b4e7313aec263bb/master.m3u8
2. https://cdn.masaischool.com/sal-videos/675ae6a486fcca88cd6e56a1/675ae0b3000463ee4da30208/master.m3u8
3. https://cdn.masaischool.com/sal-videos/675ae6a486fcca88cd6e56a1/675ae0e3594ead3fde98144f/master.m3u8
4. https://cdn.masaischool.com/hls-videos/160101/6a3e75110b4e7313aec263bc/master.m3u8
5. https://cdn.masaischool.com/sal-videos/675ae6a486fcca88cd6e56a1/675ae168c0b4be8ebd80d014/master.m3u8","[{""part"": 1, ""name"": ""Break and Continue concept"", ""duration_sec"": 2834.16655500001, ""url"": ""https://cdn.masaischool.com/hls-videos/160100/6a3e742f0b4e7313aec263bb/master.m3u8""}, {""part"": 2, ""name"": ""Break and Continue Revision"", ""duration_sec"": 489.6, ""url"": ""https://cdn.masaischool.com/sal-videos/675ae6a486fcca88cd6e56a1/675ae0b3000463ee4da30208/master.m3u8""}, {""part"": 3, ""name"": ""IA Discussion"", ""duration_sec"": 300.65, ""url"": ""https://cdn.masaischool.com/sal-videos/675ae6a486fcca88cd6e56a1/675ae0e3594ead3fde98144f/master.m3u8""}, {""part"": 4, ""name"": ""Nested Loops Concept"", ""duration_sec"": 1715.866598000005, ""url"": ""https://cdn.masaischool.com/hls-videos/160101/6a3e75110b4e7313aec263bc/master.m3u8""}, {""part"": 5, ""name"": ""Nested Loops Revision"", ""duration_sec"": 732.983, ""url"": ""https://cdn.masaischool.com/sal-videos/675ae6a486fcca88cd6e56a1/675ae168c0b4be8ebd80d014/master.m3u8""}]",101m13s,PASS — Python/AIML Topics or Python-track title,PASS,,matched (5 parts) · content-fit OK
2,2.2,"Python — IDEs, Anaconda, loops & conditionals in action",Python,"PTBAM01S1_2504_S01: IDEs, Control Flow, and Data Structures",678e69ed675aec20b216e605,7,"1. Ides & Anaconda Installation Concept
2. Ides & Anaconda Installation Revision
3. IA Discussion
4. Loops and Conditionals statements in action Concept
5. Loops and Conditionals statements in action Revision
6. Data Structures in action concept
7. Data Structures in action Revision","1. https://cdn.masaischool.com/sal-videos/6768757e2e40300d15aec1ab/676844938f5e80dcc0b25e05/master.m3u8
2. https://cdn.masaischool.com/sal-videos/6768757e2e40300d15aec1ab/676844b22fbe90b354d36c19/master.m3u8
3. https://cdn.masaischool.com/sal-videos/6768757e2e40300d15aec1ab/676845468f5e80dcc0b26119/master.m3u8
4. https://cdn.masaischool.com/sal-videos/6768757e2e40300d15aec1ab/676844d02fbe90b354d36cc2/master.m3u8
5. https://cdn.masaischool.com/sal-videos/6768757e2e40300d15aec1ab/676844f0a080a6ad1603baa8/master.m3u8
6. https://cdn.masaischool.com/sal-videos/6768757e2e40300d15aec1ab/676845092fbe90b354d36d9c/master.m3u8
7. https://cdn.masaischool.com/sal-videos/6768757e2e40300d15aec1ab/67684527a080a6ad1603bb77/master.m3u8","[{""part"": 1, ""name"": ""Ides & Anaconda Installation Concept"", ""duration_sec"": 3576.0, ""url"": ""https://cdn.masaischool.com/sal-videos/6768757e2e40300d15aec1ab/676844938f5e80dcc0b25e05/master.m3u8""}, {""part"": 2, ""name"": ""Ides & Anaconda Installation Revision"", ""duration_sec"": 633.0, ""url"": ""https://cdn.masaischool.com/sal-videos/6768757e2e40300d15aec1ab/676844b22fbe90b354d36c19/master.m3u8""}, {""part"": 3, ""name"": ""IA Discussion"", ""duration_sec"": 323.0, ""url"": ""https://cdn.masaischool.com/sal-videos/6768757e2e40300d15aec1ab/676845468f5e80dcc0b26119/master.m3u8""}, {""part"": 4, ""name"": ""Loops and Conditionals statements in action Concept"", ""duration_sec"": 1941.0, ""url"": ""https://cdn.masaischool.com/sal-videos/6768757e2e40300d15aec1ab/676844d02fbe90b354d36cc2/master.m3u8""}, {""part"": 5, ""name"": ""Loops and Conditionals statements in action Revision"", ""duration_sec"": 1503.0, ""url"": ""https://cdn.masaischool.com/sal-videos/6768757e2e40300d15aec1ab/676844f0a080a6ad1603baa8/master.m3u8""}, {""part"": 6, ""name"": ""Data Structures in action concept"", ""duration_sec"": 2070.0, ""url"": ""https://cdn.masaischool.com/sal-videos/6768757e2e40300d15aec1ab/676845092fbe90b354d36d9c/master.m3u8""}, {""part"": 7, ""name"": ""Data Structures in action Revision"", ""duration_sec"": 1467.0, ""url"": ""https://cdn.masaischool.com/sal-videos/6768757e2e40300d15aec1ab/67684527a080a6ad1603bb77/master.m3u8""}]",191m53s,PASS — Python/AIML Topics or Python-track title,PASS,,matched (7 parts) · content-fit OK
2,2.3,Python — The power of functions,Python,PTBAM01S1_2512_S03: The Power of Python Functions,67d8647015193d6d14bd7954,7,"1. New Scene
2. New Scene
3. New Scene
4. New Scene
5. New Scene
6. New Scene
7. New Scene","1. https://cdn.masaischool.com/sal-videos/676e9013631470e143da5fac/676e8dc299aa18a0c2743938/master.m3u8
2. https://cdn.masaischool.com/sal-videos/676e9013631470e143da5fac/676e8de0f936951f1cb65f17/master.m3u8
3. https://cdn.masaischool.com/sal-videos/676e9013631470e143da5fac/676e8f0799aa18a0c27449bb/master.m3u8
4. https://cdn.masaischool.com/sal-videos/676e9013631470e143da5fac/676e8e1599aa18a0c2743caf/master.m3u8
5. https://cdn.masaischool.com/sal-videos/676e9013631470e143da5fac/676e8e0199aa18a0c2743bf9/master.m3u8
6. https://cdn.masaischool.com/sal-videos/676e9013631470e143da5fac/676e8e46f936951f1cb66352/master.m3u8
7. https://cdn.masaischool.com/sal-videos/676e9013631470e143da5fac/676e8e65f936951f1cb664a4/master.m3u8","[{""part"": 1, ""name"": ""New Scene"", ""duration_sec"": 2247.55, ""url"": ""https://cdn.masaischool.com/sal-videos/676e9013631470e143da5fac/676e8dc299aa18a0c2743938/master.m3u8""}, {""part"": 2, ""name"": ""New Scene"", ""duration_sec"": 522.083, ""url"": ""https://cdn.masaischool.com/sal-videos/676e9013631470e143da5fac/676e8de0f936951f1cb65f17/master.m3u8""}, {""part"": 3, ""name"": ""New Scene"", ""duration_sec"": 344.75, ""url"": ""https://cdn.masaischool.com/sal-videos/676e9013631470e143da5fac/676e8f0799aa18a0c27449bb/master.m3u8""}, {""part"": 4, ""name"": ""New Scene"", ""duration_sec"": 2266.683, ""url"": ""https://cdn.masaischool.com/sal-videos/676e9013631470e143da5fac/676e8e1599aa18a0c2743caf/master.m3u8""}, {""part"": 5, ""name"": ""New Scene"", ""duration_sec"": 1123.283, ""url"": ""https://cdn.masaischool.com/sal-videos/676e9013631470e143da5fac/676e8e0199aa18a0c2743bf9/master.m3u8""}, {""part"": 6, ""name"": ""New Scene"", ""duration_sec"": 1484.283, ""url"": ""https://cdn.masaischool.com/sal-videos/676e9013631470e143da5fac/676e8e46f936951f1cb66352/master.m3u8""}, {""part"": 7, ""name"": ""New Scene"", ""duration_sec"": 1093.817, ""url"": ""https://cdn.masaischool.com/sal-videos/676e9013631470e143da5fac/676e8e65f936951f1cb664a4/master.m3u8""}]",151m22s,PASS — Python/AIML Topics or Python-track title,PASS,,matched (7 parts) · content-fit OK
3,3.1,Python — Advanced functions,Python,CC_Block_02_S01: Advanced Python Functions,684fbecedceadf1bb49a7627,7,"1. New Scene
2. New Scene
3. New Scene
4. New Scene
5. New Scene
6. New Scene
7. New Scene","1. https://cdn.masaischool.com/sal-videos/676edd0c631470e143e02dbe/676ed5804ee6c592aacf519f/master.m3u8
2. https://cdn.masaischool.com/sal-videos/676edd0c631470e143e02dbe/676ed5a199aa18a0c27639cf/master.m3u8
3. https://cdn.masaischool.com/sal-videos/676edd0c631470e143e02dbe/676ed6694ee6c592aacf582e/master.m3u8
4. https://cdn.masaischool.com/sal-videos/676edd0c631470e143e02dbe/676ed5c34ee6c592aacf5396/master.m3u8
5. https://cdn.masaischool.com/sal-videos/676edd0c631470e143e02dbe/676ed5e499aa18a0c2763c17/master.m3u8
6. https://cdn.masaischool.com/sal-videos/676edd0c631470e143e02dbe/676ed6004ee6c592aacf554f/master.m3u8
7. https://cdn.masaischool.com/sal-videos/676edd0c631470e143e02dbe/676ed625f936951f1cb85d5d/master.m3u8","[{""part"": 1, ""name"": ""New Scene"", ""duration_sec"": 2512.75, ""url"": ""https://cdn.masaischool.com/sal-videos/676edd0c631470e143e02dbe/676ed5804ee6c592aacf519f/master.m3u8""}, {""part"": 2, ""name"": ""New Scene"", ""duration_sec"": 1218.15, ""url"": ""https://cdn.masaischool.com/sal-videos/676edd0c631470e143e02dbe/676ed5a199aa18a0c27639cf/master.m3u8""}, {""part"": 3, ""name"": ""New Scene"", ""duration_sec"": 364.283, ""url"": ""https://cdn.masaischool.com/sal-videos/676edd0c631470e143e02dbe/676ed6694ee6c592aacf582e/master.m3u8""}, {""part"": 4, ""name"": ""New Scene"", ""duration_sec"": 1722.017, ""url"": ""https://cdn.masaischool.com/sal-videos/676edd0c631470e143e02dbe/676ed5c34ee6c592aacf5396/master.m3u8""}, {""part"": 5, ""name"": ""New Scene"", ""duration_sec"": 1102.083, ""url"": ""https://cdn.masaischool.com/sal-videos/676edd0c631470e143e02dbe/676ed5e499aa18a0c2763c17/master.m3u8""}, {""part"": 6, ""name"": ""New Scene"", ""duration_sec"": 1453.417, ""url"": ""https://cdn.masaischool.com/sal-videos/676edd0c631470e143e02dbe/676ed6004ee6c592aacf554f/master.m3u8""}, {""part"": 7, ""name"": ""New Scene"", ""duration_sec"": 1035.95, ""url"": ""https://cdn.masaischool.com/sal-videos/676edd0c631470e143e02dbe/676ed625f936951f1cb85d5d/master.m3u8""}]",156m49s,PASS — Python/AIML Topics or Python-track title,PASS,,matched (7 parts) · content-fit OK
3,3.2,"Python — Role in data science, regex & exception handling",Python,PTBAM01S1_2504_S02: Mastering Regex and Exception Handling,678f4dbb675aec20b221bf7e,7,"1. Python's Role in Data Science: A High-Level Overview Concept
2. Python's Role in Data Science: A High-Level Overview Revision
3. IA Discussion
4. Mastering Regex: Unlock the Power of Pattern Matching Concept
5. Mastering Regex: Unlock the Power of Pattern Matching Revision
6. Exception Handling: Building Resilient Python Applications Concept
7. Exception Handling: Building Resilient Python Applications Revision","1. https://cdn.masaischool.com/sal-videos/676d372bfca95c6dc3285ab5/676d32c25c466f600fef3ae7/master.m3u8
2. https://cdn.masaischool.com/sal-videos/676d372bfca95c6dc3285ab5/676d32e6fb87dca19b540ab3/master.m3u8
3. https://cdn.masaischool.com/sal-videos/676d372bfca95c6dc3285ab5/676d34c2fb87dca19b541502/master.m3u8
4. https://cdn.masaischool.com/sal-videos/676d372bfca95c6dc3285ab5/676d339de52b1079305b2543/master.m3u8
5. https://cdn.masaischool.com/sal-videos/676d372bfca95c6dc3285ab5/676d33c0e52b1079305b2609/master.m3u8
6. https://cdn.masaischool.com/sal-videos/676d372bfca95c6dc3285ab5/676d3428e52b1079305b281f/master.m3u8
7. https://cdn.masaischool.com/sal-videos/676d372bfca95c6dc3285ab5/676d34375c466f600fef430b/master.m3u8","[{""part"": 1, ""name"": ""Python's Role in Data Science: A High-Level Overview Concept"", ""duration_sec"": 1471.0, ""url"": ""https://cdn.masaischool.com/sal-videos/676d372bfca95c6dc3285ab5/676d32c25c466f600fef3ae7/master.m3u8""}, {""part"": 2, ""name"": ""Python's Role in Data Science: A High-Level Overview Revision"", ""duration_sec"": 573.0, ""url"": ""https://cdn.masaischool.com/sal-videos/676d372bfca95c6dc3285ab5/676d32e6fb87dca19b540ab3/master.m3u8""}, {""part"": 3, ""name"": ""IA Discussion"", ""duration_sec"": 357.0, ""url"": ""https://cdn.masaischool.com/sal-videos/676d372bfca95c6dc3285ab5/676d34c2fb87dca19b541502/master.m3u8""}, {""part"": 4, ""name"": ""Mastering Regex: Unlock the Power of Pattern Matching Concept"", ""duration_sec"": 1694.0, ""url"": ""https://cdn.masaischool.com/sal-videos/676d372bfca95c6dc3285ab5/676d339de52b1079305b2543/master.m3u8""}, {""part"": 5, ""name"": ""Mastering Regex: Unlock the Power of Pattern Matching Revision"", ""duration_sec"": 1288.0, ""url"": ""https://cdn.masaischool.com/sal-videos/676d372bfca95c6dc3285ab5/676d33c0e52b1079305b2609/master.m3u8""}, {""part"": 6, ""name"": ""Exception Handling: Building Resilient Python Applications Concept"", ""duration_sec"": 2133.0, ""url"": ""https://cdn.masaischool.com/sal-videos/676d372bfca95c6dc3285ab5/676d3428e52b1079305b281f/master.m3u8""}, {""part"": 7, ""name"": ""Exception Handling: Building Resilient Python Applications Revision"", ""duration_sec"": 1401.0, ""url"": ""https://cdn.masaischool.com/sal-videos/676d372bfca95c6dc3285ab5/676d34375c466f600fef430b/master.m3u8""}]",148m37s,PASS — Python/AIML Topics or Python-track title,PASS,,matched (7 parts) · content-fit OK
3,3.3,Python — Code modularization,Python,PTBAM01S2_2505_S01: Understanding the Code Modulerization,6797d2138e04cb37cb880056,7,"1. New Scene
2. New Scene
3. IA Discussion
4. New Scene
5. New Scene
6. New Scene
7. New Scene","1. https://cdn.masaischool.com/sal-videos/6773dfdefbc02bfb9b42adf0/67739bad78796e577c9d3e71/master.m3u8
2. https://cdn.masaischool.com/sal-videos/6773dfdefbc02bfb9b42adf0/6773b81978796e577c9dd234/master.m3u8
3. https://cdn.masaischool.com/sal-videos/6773dfdefbc02bfb9b42adf0/6773bf8178796e577c9e1557/master.m3u8
4. https://cdn.masaischool.com/sal-videos/6773dfdefbc02bfb9b42adf0/6773ba514ee6c592aae75ffa/master.m3u8
5. https://cdn.masaischool.com/sal-videos/6773dfdefbc02bfb9b42adf0/6773be0378796e577c9e0824/master.m3u8
6. https://cdn.masaischool.com/sal-videos/6773dfdefbc02bfb9b42adf0/6773be2578796e577c9e09d6/master.m3u8
7. https://cdn.masaischool.com/sal-videos/6773dfdefbc02bfb9b42adf0/6773bf4878796e577c9e13b8/master.m3u8","[{""part"": 1, ""name"": ""New Scene"", ""duration_sec"": 2034.0, ""url"": ""https://cdn.masaischool.com/sal-videos/6773dfdefbc02bfb9b42adf0/67739bad78796e577c9d3e71/master.m3u8""}, {""part"": 2, ""name"": ""New Scene"", ""duration_sec"": 1097.0, ""url"": ""https://cdn.masaischool.com/sal-videos/6773dfdefbc02bfb9b42adf0/6773b81978796e577c9dd234/master.m3u8""}, {""part"": 3, ""name"": ""IA Discussion"", ""duration_sec"": 333.0, ""url"": ""https://cdn.masaischool.com/sal-videos/6773dfdefbc02bfb9b42adf0/6773bf8178796e577c9e1557/master.m3u8""}, {""part"": 4, ""name"": ""New Scene"", ""duration_sec"": 2451.15, ""url"": ""https://cdn.masaischool.com/sal-videos/6773dfdefbc02bfb9b42adf0/6773ba514ee6c592aae75ffa/master.m3u8""}, {""part"": 5, ""name"": ""New Scene"", ""duration_sec"": 1103.0, ""url"": ""https://cdn.masaischool.com/sal-videos/6773dfdefbc02bfb9b42adf0/6773be0378796e577c9e0824/master.m3u8""}, {""part"": 6, ""name"": ""New Scene"", ""duration_sec"": 1848.083, ""url"": ""https://cdn.masaischool.com/sal-videos/6773dfdefbc02bfb9b42adf0/6773be2578796e577c9e09d6/master.m3u8""}, {""part"": 7, ""name"": ""New Scene"", ""duration_sec"": 1105.0, ""url"": ""https://cdn.masaischool.com/sal-videos/6773dfdefbc02bfb9b42adf0/6773bf4878796e577c9e13b8/master.m3u8""}]",166m11s,PASS — Python/AIML Topics or Python-track title,PASS,,matched (7 parts) · content-fit OK
4,4.1,"Python — Data structures (lists, strings, sets, tuples, dicts)",Python,PTBAM00S1_2504_S05: Data Structures in Python,67938e5f5c1716b998075305,9,"1. Lists - Concept
2. Lists - Revision
3. IA Discussion
4. Strings - Concept
5. Strings - Revision
6. Set and Tuples
7. Set and Tuples - Revision
8. Dictionaries
9. Dictionaries","1. https://cdn.masaischool.com/sal-videos/675c348086fcca88cd71aaed/675c31834b1ce9ca6c96d235/master.m3u8
2. https://cdn.masaischool.com/sal-videos/675c348086fcca88cd71aaed/675c322875669f4edaec6d0a/master.m3u8
3. https://cdn.masaischool.com/sal-videos/675c348086fcca88cd71aaed/675c32c575669f4edaec731b/master.m3u8
4. https://cdn.masaischool.com/sal-videos/675c348086fcca88cd71aaed/675c32614b1ce9ca6c96dc23/master.m3u8
5. https://cdn.masaischool.com/sal-videos/675c348086fcca88cd71aaed/675c329075669f4edaec703d/master.m3u8
6. https://cdn.masaischool.com/sal-videos/675d0c7686fcca88cd729342/675d0a70c9f25eced4da3de0/master.m3u8
7. https://cdn.masaischool.com/sal-videos/675d0c7686fcca88cd729342/675d0a9f75669f4edaf2da85/master.m3u8
8. https://cdn.masaischool.com/sal-videos/675d0c7686fcca88cd729342/675d0ac64b1ce9ca6c9d2eeb/master.m3u8
9. https://cdn.masaischool.com/sal-videos/675d0c7686fcca88cd729342/675d0ae975669f4edaf2dc3f/master.m3u8","[{""part"": 1, ""name"": ""Lists - Concept"", ""duration_sec"": 1765.5, ""url"": ""https://cdn.masaischool.com/sal-videos/675c348086fcca88cd71aaed/675c31834b1ce9ca6c96d235/master.m3u8""}, {""part"": 2, ""name"": ""Lists - Revision"", ""duration_sec"": 334.267, ""url"": ""https://cdn.masaischool.com/sal-videos/675c348086fcca88cd71aaed/675c322875669f4edaec6d0a/master.m3u8""}, {""part"": 3, ""name"": ""IA Discussion"", ""duration_sec"": 171.0, ""url"": ""https://cdn.masaischool.com/sal-videos/675c348086fcca88cd71aaed/675c32c575669f4edaec731b/master.m3u8""}, {""part"": 4, ""name"": ""Strings - Concept"", ""duration_sec"": 833.033, ""url"": ""https://cdn.masaischool.com/sal-videos/675c348086fcca88cd71aaed/675c32614b1ce9ca6c96dc23/master.m3u8""}, {""part"": 5, ""name"": ""Strings - Revision"", ""duration_sec"": 302.467, ""url"": ""https://cdn.masaischool.com/sal-videos/675c348086fcca88cd71aaed/675c329075669f4edaec703d/master.m3u8""}, {""part"": 6, ""name"": ""Set and Tuples"", ""duration_sec"": 2317.1, ""url"": ""https://cdn.masaischool.com/sal-videos/675d0c7686fcca88cd729342/675d0a70c9f25eced4da3de0/master.m3u8""}, {""part"": 7, ""name"": ""Set and Tuples - Revision"", ""duration_sec"": 223.733, ""url"": ""https://cdn.masaischool.com/sal-videos/675d0c7686fcca88cd729342/675d0a9f75669f4edaf2da85/master.m3u8""}, {""part"": 8, ""name"": ""Dictionaries"", ""duration_sec"": 1819.25, ""url"": ""https://cdn.masaischool.com/sal-videos/675d0c7686fcca88cd729342/675d0ac64b1ce9ca6c9d2eeb/master.m3u8""}, {""part"": 9, ""name"": ""Dictionaries"", ""duration_sec"": 303.45, ""url"": ""https://cdn.masaischool.com/sal-videos/675d0c7686fcca88cd729342/675d0ae975669f4edaf2dc3f/master.m3u8""}]",134m30s,PASS — Python/AIML Topics or Python-track title,PASS,,matched (9 parts) · content-fit OK
4,4.2,"Python — Classes, objects and constructors (OOP)",Python,PTBAM01S2_2505_S02: Application of class objects and constructos,6798cb875968d8d661c53158,7,"1. New Scene
2. New Scene
3. New Scene
4. New Scene
5. New Scene
6. New Scene
7. New Scene","1. https://cdn.masaischool.com/sal-videos/677670dae9b7943a15cd5af9/67765a280759e7f9b0766be5/master.m3u8
2. https://cdn.masaischool.com/sal-videos/677670dae9b7943a15cd5af9/67765ac96a4b9b81791cd6d9/master.m3u8
3. https://cdn.masaischool.com/sal-videos/677670dae9b7943a15cd5af9/67765bb06a4b9b81791cdb48/master.m3u8
4. https://cdn.masaischool.com/sal-videos/677670dae9b7943a15cd5af9/67765b03fa0467715ebb93af/master.m3u8
5. https://cdn.masaischool.com/sal-videos/677670dae9b7943a15cd5af9/67765b2a6a4b9b81791cd898/master.m3u8
6. https://cdn.masaischool.com/sal-videos/677670dae9b7943a15cd5af9/67765b586a4b9b81791cd9d7/master.m3u8
7. https://cdn.masaischool.com/sal-videos/677670dae9b7943a15cd5af9/67765b690759e7f9b07670fe/master.m3u8","[{""part"": 1, ""name"": ""New Scene"", ""duration_sec"": 1933.0, ""url"": ""https://cdn.masaischool.com/sal-videos/677670dae9b7943a15cd5af9/67765a280759e7f9b0766be5/master.m3u8""}, {""part"": 2, ""name"": ""New Scene"", ""duration_sec"": 981.483, ""url"": ""https://cdn.masaischool.com/sal-videos/677670dae9b7943a15cd5af9/67765ac96a4b9b81791cd6d9/master.m3u8""}, {""part"": 3, ""name"": ""New Scene"", ""duration_sec"": 324.0, ""url"": ""https://cdn.masaischool.com/sal-videos/677670dae9b7943a15cd5af9/67765bb06a4b9b81791cdb48/master.m3u8""}, {""part"": 4, ""name"": ""New Scene"", ""duration_sec"": 1996.817, ""url"": ""https://cdn.masaischool.com/sal-videos/677670dae9b7943a15cd5af9/67765b03fa0467715ebb93af/master.m3u8""}, {""part"": 5, ""name"": ""New Scene"", ""duration_sec"": 1208.483, ""url"": ""https://cdn.masaischool.com/sal-videos/677670dae9b7943a15cd5af9/67765b2a6a4b9b81791cd898/master.m3u8""}, {""part"": 6, ""name"": ""New Scene"", ""duration_sec"": 1516.75, ""url"": ""https://cdn.masaischool.com/sal-videos/677670dae9b7943a15cd5af9/67765b586a4b9b81791cd9d7/master.m3u8""}, {""part"": 7, ""name"": ""New Scene"", ""duration_sec"": 1000.55, ""url"": ""https://cdn.masaischool.com/sal-videos/677670dae9b7943a15cd5af9/67765b690759e7f9b07670fe/master.m3u8""}]",149m21s,PASS — Python/AIML Topics or Python-track title,PASS,,matched (7 parts) · content-fit OK
4,4.3,Git and GitHub — introduction,Python,FTSDM01S2_2512_JS_S02: Introduction to Git and Github,67d8547915193d6d14bd1196,5,"1. New Scene
2. New Scene
3. IA Discussion
4. New Scene
5. New Scene","1. https://cdn.masaischool.com/sal-videos/6772b180631470e143eaac32/6772ad4c4ee6c592aae251e9/master.m3u8
2. https://cdn.masaischool.com/sal-videos/6772b180631470e143eaac32/6772adfa78796e577c98d65f/master.m3u8
3. https://cdn.masaischool.com/sal-videos/6772b180631470e143eaac32/6772ae9ef936951f1ccb5947/master.m3u8
4. https://cdn.masaischool.com/sal-videos/6772b180631470e143eaac32/6772ae49f936951f1ccb56d0/master.m3u8
5. https://cdn.masaischool.com/sal-videos/6772b180631470e143eaac32/6772ae744ee6c592aae25c76/master.m3u8","[{""part"": 1, ""name"": ""New Scene"", ""duration_sec"": 2419.6, ""url"": ""https://cdn.masaischool.com/sal-videos/6772b180631470e143eaac32/6772ad4c4ee6c592aae251e9/master.m3u8""}, {""part"": 2, ""name"": ""New Scene"", ""duration_sec"": 883.267, ""url"": ""https://cdn.masaischool.com/sal-videos/6772b180631470e143eaac32/6772adfa78796e577c98d65f/master.m3u8""}, {""part"": 3, ""name"": ""IA Discussion"", ""duration_sec"": 326.2, ""url"": ""https://cdn.masaischool.com/sal-videos/6772b180631470e143eaac32/6772ae9ef936951f1ccb5947/master.m3u8""}, {""part"": 4, ""name"": ""New Scene"", ""duration_sec"": 2080.867, ""url"": ""https://cdn.masaischool.com/sal-videos/6772b180631470e143eaac32/6772ae49f936951f1ccb56d0/master.m3u8""}, {""part"": 5, ""name"": ""New Scene"", ""duration_sec"": 635.6, ""url"": ""https://cdn.masaischool.com/sal-videos/6772b180631470e143eaac32/6772ae744ee6c592aae25c76/master.m3u8""}]",105m46s,PASS — Git (language-agnostic tool),PASS,,matched (5 parts) · content-fit OK
5,5.1,Python — Problem solving with loops (Python-track preferred),Python,not available,,0,not available,video not found,[],,REJECT/NA,n/a,,not available — no Python-verified Problem Solving Loops in dump (FTSDM PS rejected as full-stack)
5,5.2,File handling in Python (CSV / JSON intro),Python,not available,,0,not available,video not found,[],,REJECT/NA,n/a,,not available — File handling Topics not found
5,5.3,Python Prep / practice consolidation,Python,Python Prep Session,67865c798645e0134f592718,7,"1. New Scene
2. New Scene
3. New Scene
4. New Scene
5. New Scene
6. New Scene
7. New Scene","1. https://cdn.masaischool.com/sal-videos/67865c798645e0134f592718/678659bd61e6f9f4a6ac2d58/master.m3u8
2. https://cdn.masaischool.com/sal-videos/67865c798645e0134f592718/678659df61e6f9f4a6ac2e5f/master.m3u8
3. https://cdn.masaischool.com/sal-videos/67865c798645e0134f592718/67865aa45c56862cc7797a18/master.m3u8
4. https://cdn.masaischool.com/sal-videos/67865c798645e0134f592718/67865a031ca67b92b07eb37d/master.m3u8
5. https://cdn.masaischool.com/sal-videos/67865c798645e0134f592718/67865a245c56862cc779751a/master.m3u8
6. https://cdn.masaischool.com/sal-videos/67865c798645e0134f592718/67865a575c56862cc7797764/master.m3u8
7. https://cdn.masaischool.com/sal-videos/67865c798645e0134f592718/67865a7d1ca67b92b07eb88c/master.m3u8","[{""part"": 1, ""name"": ""New Scene"", ""duration_sec"": 1494.0, ""url"": ""https://cdn.masaischool.com/sal-videos/67865c798645e0134f592718/678659bd61e6f9f4a6ac2d58/master.m3u8""}, {""part"": 2, ""name"": ""New Scene"", ""duration_sec"": 432.0, ""url"": ""https://cdn.masaischool.com/sal-videos/67865c798645e0134f592718/678659df61e6f9f4a6ac2e5f/master.m3u8""}, {""part"": 3, ""name"": ""New Scene"", ""duration_sec"": 319.0, ""url"": ""https://cdn.masaischool.com/sal-videos/67865c798645e0134f592718/67865aa45c56862cc7797a18/master.m3u8""}, {""part"": 4, ""name"": ""New Scene"", ""duration_sec"": 1292.0, ""url"": ""https://cdn.masaischool.com/sal-videos/67865c798645e0134f592718/67865a031ca67b92b07eb37d/master.m3u8""}, {""part"": 5, ""name"": ""New Scene"", ""duration_sec"": 365.0, ""url"": ""https://cdn.masaischool.com/sal-videos/67865c798645e0134f592718/67865a245c56862cc779751a/master.m3u8""}, {""part"": 6, ""name"": ""New Scene"", ""duration_sec"": 1000.0, ""url"": ""https://cdn.masaischool.com/sal-videos/67865c798645e0134f592718/67865a575c56862cc7797764/master.m3u8""}, {""part"": 7, ""name"": ""New Scene"", ""duration_sec"": 449.0, ""url"": ""https://cdn.masaischool.com/sal-videos/67865c798645e0134f592718/67865a7d1ca67b92b07eb88c/master.m3u8""}]",89m11s,PASS — Python/AIML Topics or Python-track title,PASS,,matched (7 parts) · content-fit OK
6,6.1,SQL — Introduction to SQL and databases,SQL,FTTEM03S2_2514_JSQ206_S01: Introduction to SQL and Databases,67eb02aa3a4f39308727e9fb,5,"1. Subtopic 1
2. Subtopic 1 Pitfall
3. IA Discussion
4. Subtopic 2
5. Subtopic 2 Pitfall","1. https://cdn.masaischool.com/sal-videos/68da31832a1d2494e9360ba5/67eaf4f27a575d7c9e1cde85/master.m3u8
2. https://cdn.masaischool.com/sal-videos/68da31832a1d2494e9360ba5/67eaf4e387f6061fd163a0b9/master.m3u8
3. https://cdn.masaischool.com/sal-videos/67eb02aa3a4f39308727e9fb/67eaedc787f6061fd1634f18/master.m3u8
4. https://cdn.masaischool.com/sal-videos/68344122907eb74ce6920d70/67eaf4e387f6061fd163a0b7/master.m3u8
5. https://cdn.masaischool.com/sal-videos/67f3d96dcbc216dc7bb5c03b/67eaf4e387f6061fd163a0b5/master.m3u8","[{""part"": 1, ""name"": ""Subtopic 1"", ""duration_sec"": 3002.833, ""url"": ""https://cdn.masaischool.com/sal-videos/68da31832a1d2494e9360ba5/67eaf4f27a575d7c9e1cde85/master.m3u8""}, {""part"": 2, ""name"": ""Subtopic 1 Pitfall"", ""duration_sec"": 545.3, ""url"": ""https://cdn.masaischool.com/sal-videos/68da31832a1d2494e9360ba5/67eaf4e387f6061fd163a0b9/master.m3u8""}, {""part"": 3, ""name"": ""IA Discussion"", ""duration_sec"": 181.567, ""url"": ""https://cdn.masaischool.com/sal-videos/67eb02aa3a4f39308727e9fb/67eaedc787f6061fd1634f18/master.m3u8""}, {""part"": 4, ""name"": ""Subtopic 2"", ""duration_sec"": 2774.267, ""url"": ""https://cdn.masaischool.com/sal-videos/68344122907eb74ce6920d70/67eaf4e387f6061fd163a0b7/master.m3u8""}, {""part"": 5, ""name"": ""Subtopic 2 Pitfall"", ""duration_sec"": 546.833, ""url"": ""https://cdn.masaischool.com/sal-videos/67f3d96dcbc216dc7bb5c03b/67eaf4e387f6061fd163a0b5/master.m3u8""}]",117m31s,PASS — SQL Topics/title,PASS,,matched (5 parts) · content-fit OK
6,6.2,"SQL — Searching, filtering & power functions",SQL,"CC_BLOCK_2_S2:Data Sleuthing: Searching, Filtering & Power Functions in SQL",68598b79a44425acb3641210,11,"1. Searching in SQL using LIKE
2. Searching in SQL using LIKE - Rev
3. IA Discussion
4. Searching using BETWEEN
5. Searching using BETWEEN - Rev
6. Aggregate Function in SQL
7. Aggregate Function in SQL - Rev
8. String Function in SQL
9. String Function in SQL - Rev
10. Power fuctions in SQL
11. Power fuctions in SQL - Rev","1. https://cdn.masaischool.com/sal-videos/67c93deaa0ef177e3b377526/679cb8efb1df5bb493827097/master.m3u8
2. https://cdn.masaischool.com/sal-videos/67acaf9d61865246e4c9abb7/679cb93131cb129377970159/master.m3u8
3. https://cdn.masaischool.com/sal-videos/67b36d7889eb30ad694020ad/679cba77b1df5bb4938279e3/master.m3u8
4. https://cdn.masaischool.com/sal-videos/67acaf9d61865246e4c9abb7/679cb986c9afcbb7ca55eead/master.m3u8
5. https://cdn.masaischool.com/sal-videos/67e209013a4f3930874faa88/679cb9a631cb1293779703fb/master.m3u8
6. https://cdn.masaischool.com/sal-videos/67e209013a4f3930874faa88/679cb9c0b1df5bb4938274ee/master.m3u8
7. https://cdn.masaischool.com/sal-videos/67acaf9d61865246e4c9abb7/679cb9dd31cb129377970589/master.m3u8
8. https://cdn.masaischool.com/sal-videos/67acaf9d61865246e4c9abb7/679cb9fcb1df5bb4938276ac/master.m3u8
9. https://cdn.masaischool.com/sal-videos/67acaf9d61865246e4c9abb7/679cba1bb1df5bb49382777e/master.m3u8
10. https://cdn.masaischool.com/sal-videos/67e209013a4f3930874faa88/679cba39b1df5bb493827855/master.m3u8
11. https://cdn.masaischool.com/sal-videos/679cbee9f62596df9334a56a/679cba54c9afcbb7ca55f41b/master.m3u8","[{""part"": 1, ""name"": ""Searching in SQL using LIKE"", ""duration_sec"": 2193.117, ""url"": ""https://cdn.masaischool.com/sal-videos/67c93deaa0ef177e3b377526/679cb8efb1df5bb493827097/master.m3u8""}, {""part"": 2, ""name"": ""Searching in SQL using LIKE - Rev"", ""duration_sec"": 432.867, ""url"": ""https://cdn.masaischool.com/sal-videos/67acaf9d61865246e4c9abb7/679cb93131cb129377970159/master.m3u8""}, {""part"": 3, ""name"": ""IA Discussion"", ""duration_sec"": 271.9, ""url"": ""https://cdn.masaischool.com/sal-videos/67b36d7889eb30ad694020ad/679cba77b1df5bb4938279e3/master.m3u8""}, {""part"": 4, ""name"": ""Searching using BETWEEN"", ""duration_sec"": 636.267, ""url"": ""https://cdn.masaischool.com/sal-videos/67acaf9d61865246e4c9abb7/679cb986c9afcbb7ca55eead/master.m3u8""}, {""part"": 5, ""name"": ""Searching using BETWEEN - Rev"", ""duration_sec"": 347.333, ""url"": ""https://cdn.masaischool.com/sal-videos/67e209013a4f3930874faa88/679cb9a631cb1293779703fb/master.m3u8""}, {""part"": 6, ""name"": ""Aggregate Function in SQL"", ""duration_sec"": 543.433, ""url"": ""https://cdn.masaischool.com/sal-videos/67e209013a4f3930874faa88/679cb9c0b1df5bb4938274ee/master.m3u8""}, {""part"": 7, ""name"": ""Aggregate Function in SQL - Rev"", ""duration_sec"": 233.867, ""url"": ""https://cdn.masaischool.com/sal-videos/67acaf9d61865246e4c9abb7/679cb9dd31cb129377970589/master.m3u8""}, {""part"": 8, ""name"": ""String Function in SQL"", ""duration_sec"": 970.817, ""url"": ""https://cdn.masaischool.com/sal-videos/67acaf9d61865246e4c9abb7/679cb9fcb1df5bb4938276ac/master.m3u8""}, {""part"": 9, ""name"": ""String Function in SQL - Rev"", ""duration_sec"": 268.933, ""url"": ""https://cdn.masaischool.com/sal-videos/67acaf9d61865246e4c9abb7/679cba1bb1df5bb49382777e/master.m3u8""}, {""part"": 10, ""name"": ""Power fuctions in SQL"", ""duration_sec"": 373.817, ""url"": ""https://cdn.masaischool.com/sal-videos/67e209013a4f3930874faa88/679cba39b1df5bb493827855/master.m3u8""}, {""part"": 11, ""name"": ""Power fuctions in SQL - Rev"", ""duration_sec"": 283.467, ""url"": ""https://cdn.masaischool.com/sal-videos/679cbee9f62596df9334a56a/679cba54c9afcbb7ca55f41b/master.m3u8""}]",109m16s,PASS — SQL Topics/title,PASS,,matched (11 parts) · content-fit OK
6,6.3,"SQL — Aggregations: GROUP BY, HAVING, ORDER BY, LIMIT",SQL,"PBAU02-MU01_S01: Mastering Aggregations: GROUP BY, HAVING, ORDER BY, LIMIT  Demystified",68342d6a907eb74ce68dd391,11,"1. Grouping of data in categories
2. Grouping of data in categories
3. IA Discussion
4. Group by with Having
5. Group by with Having
6. Ordering of data
7. Ordering of data
8. Limiting the data
9. Limiting the data
10. Understanding the order of execution of a query
11. Understanding the order of execution of a query","1. https://cdn.masaischool.com/sal-videos/67d8691b15193d6d14bd98bf/67a1dd1bc9afcbb7ca6fe18e/master.m3u8
2. https://cdn.masaischool.com/sal-videos/67d8691b15193d6d14bd98bf/67a1dd3831cb129377b0ea0e/master.m3u8
3. https://cdn.masaischool.com/sal-videos/67aa2c13a8eec6909a699328/67a1e3a3c9afcbb7ca70003c/master.m3u8
4. https://cdn.masaischool.com/sal-videos/67d8691b15193d6d14bd98bf/67a1dd63c9afcbb7ca6fe31b/master.m3u8
5. https://cdn.masaischool.com/sal-videos/67bc827597a9f4c620ad15eb/67a1dd92c9afcbb7ca6fe4a1/master.m3u8
6. https://cdn.masaischool.com/sal-videos/67bc827597a9f4c620ad15eb/67a1ddc1b1df5bb4939c8526/master.m3u8
7. https://cdn.masaischool.com/sal-videos/67bc827597a9f4c620ad15eb/67a1dde231cb129377b0ed39/master.m3u8
8. https://cdn.masaischool.com/sal-videos/67bc827597a9f4c620ad15eb/67a1de16b1df5bb4939c86b1/master.m3u8
9. https://cdn.masaischool.com/sal-videos/67ff75d5824e0d7b6c4facb3/67a1de55b1df5bb4939c87c5/master.m3u8
10. https://cdn.masaischool.com/sal-videos/67ff75d5824e0d7b6c4facb3/67a1de73c9afcbb7ca6fe93e/master.m3u8
11. https://cdn.masaischool.com/sal-videos/67ff75d5824e0d7b6c4facb3/67a1dea1b1df5bb4939c8996/master.m3u8","[{""part"": 1, ""name"": ""Grouping of data in categories"", ""duration_sec"": 1372.817, ""url"": ""https://cdn.masaischool.com/sal-videos/67d8691b15193d6d14bd98bf/67a1dd1bc9afcbb7ca6fe18e/master.m3u8""}, {""part"": 2, ""name"": ""Grouping of data in categories"", ""duration_sec"": 485.083, ""url"": ""https://cdn.masaischool.com/sal-videos/67d8691b15193d6d14bd98bf/67a1dd3831cb129377b0ea0e/master.m3u8""}, {""part"": 3, ""name"": ""IA Discussion"", ""duration_sec"": 318.417, ""url"": ""https://cdn.masaischool.com/sal-videos/67aa2c13a8eec6909a699328/67a1e3a3c9afcbb7ca70003c/master.m3u8""}, {""part"": 4, ""name"": ""Group by with Having"", ""duration_sec"": 1495.017, ""url"": ""https://cdn.masaischool.com/sal-videos/67d8691b15193d6d14bd98bf/67a1dd63c9afcbb7ca6fe31b/master.m3u8""}, {""part"": 5, ""name"": ""Group by with Having"", ""duration_sec"": 498.617, ""url"": ""https://cdn.masaischool.com/sal-videos/67bc827597a9f4c620ad15eb/67a1dd92c9afcbb7ca6fe4a1/master.m3u8""}, {""part"": 6, ""name"": ""Ordering of data"", ""duration_sec"": 1484.683, ""url"": ""https://cdn.masaischool.com/sal-videos/67bc827597a9f4c620ad15eb/67a1ddc1b1df5bb4939c8526/master.m3u8""}, {""part"": 7, ""name"": ""Ordering of data"", ""duration_sec"": 486.483, ""url"": ""https://cdn.masaischool.com/sal-videos/67bc827597a9f4c620ad15eb/67a1dde231cb129377b0ed39/master.m3u8""}, {""part"": 8, ""name"": ""Limiting the data"", ""duration_sec"": 1084.217, ""url"": ""https://cdn.masaischool.com/sal-videos/67bc827597a9f4c620ad15eb/67a1de16b1df5bb4939c86b1/master.m3u8""}, {""part"": 9, ""name"": ""Limiting the data"", ""duration_sec"": 491.55, ""url"": ""https://cdn.masaischool.com/sal-videos/67ff75d5824e0d7b6c4facb3/67a1de55b1df5bb4939c87c5/master.m3u8""}, {""part"": 10, ""name"": ""Understanding the order of execution of a query"", ""duration_sec"": 1638.417, ""url"": ""https://cdn.masaischool.com/sal-videos/67ff75d5824e0d7b6c4facb3/67a1de73c9afcbb7ca6fe93e/master.m3u8""}, {""part"": 11, ""name"": ""Understanding the order of execution of a query"", ""duration_sec"": 908.483, ""url"": ""https://cdn.masaischool.com/sal-videos/67ff75d5824e0d7b6c4facb3/67a1dea1b1df5bb4939c8996/master.m3u8""}]",171m04s,PASS — SQL Topics/title,PASS,,matched (11 parts) · content-fit OK
7,7.1,SQL — Joins: connecting relational tables,SQL,PBAU02-MU01_S02: Mastering SQL Joins: Connecting the Dots in Relational Databases,68342d6a907eb74ce68dd9de,11,"1. Recogning the need of joins while fetching data
2. Recogning the need of joins while fetching data
3. IA Discussion
4. Understanding the left and right join
5. Understanding the left and right join
6. Understanding the inner and outer join
7. Understanding the inner and outer join
8. Understanding the cross and self join
9. Understanding the cross and self join
10. Summary
11. Summary","1. https://cdn.masaischool.com/sal-videos/67b36e8889eb30ad694025bf/67a320ecc82041cdc3743628/master.m3u8
2. https://cdn.masaischool.com/sal-videos/680f5de7961de35e624ece5c/67a3210a3dde702a6fd728f0/master.m3u8
3. https://cdn.masaischool.com/sal-videos/680f5de7961de35e624ece5c/67a32262a3a1f8e40adad593/master.m3u8
4. https://cdn.masaischool.com/sal-videos/680f5de7961de35e624ece5c/67a32127a3a1f8e40adad0b5/master.m3u8
5. https://cdn.masaischool.com/sal-videos/67fc1b04824e0d7b6c090379/67a32150c82041cdc37437dc/master.m3u8
6. https://cdn.masaischool.com/sal-videos/680f5de7961de35e624ece5c/67a32170c82041cdc3743873/master.m3u8
7. https://cdn.masaischool.com/sal-videos/680f5de7961de35e624ece5c/67a3218ac82041cdc37438c7/master.m3u8
8. https://cdn.masaischool.com/sal-videos/67fc1b04824e0d7b6c090379/67a321ab3dde702a6fd72b51/master.m3u8
9. https://cdn.masaischool.com/sal-videos/67b36e8889eb30ad694025bf/67a321dd3dde702a6fd72bf4/master.m3u8
10. https://cdn.masaischool.com/sal-videos/67d8693815193d6d14bd99bf/67a321ffa3a1f8e40adad3e1/master.m3u8
11. https://cdn.masaischool.com/sal-videos/67d8693815193d6d14bd99bf/67a3223c3dde702a6fd72d7f/master.m3u8","[{""part"": 1, ""name"": ""Recogning the need of joins while fetching data"", ""duration_sec"": 1276.083, ""url"": ""https://cdn.masaischool.com/sal-videos/67b36e8889eb30ad694025bf/67a320ecc82041cdc3743628/master.m3u8""}, {""part"": 2, ""name"": ""Recogning the need of joins while fetching data"", ""duration_sec"": 457.283, ""url"": ""https://cdn.masaischool.com/sal-videos/680f5de7961de35e624ece5c/67a3210a3dde702a6fd728f0/master.m3u8""}, {""part"": 3, ""name"": ""IA Discussion"", ""duration_sec"": 330.35, ""url"": ""https://cdn.masaischool.com/sal-videos/680f5de7961de35e624ece5c/67a32262a3a1f8e40adad593/master.m3u8""}, {""part"": 4, ""name"": ""Understanding the left and right join"", ""duration_sec"": 1277.15, ""url"": ""https://cdn.masaischool.com/sal-videos/680f5de7961de35e624ece5c/67a32127a3a1f8e40adad0b5/master.m3u8""}, {""part"": 5, ""name"": ""Understanding the left and right join"", ""duration_sec"": 572.883, ""url"": ""https://cdn.masaischool.com/sal-videos/67fc1b04824e0d7b6c090379/67a32150c82041cdc37437dc/master.m3u8""}, {""part"": 6, ""name"": ""Understanding the inner and outer join"", ""duration_sec"": 1814.817, ""url"": ""https://cdn.masaischool.com/sal-videos/680f5de7961de35e624ece5c/67a32170c82041cdc3743873/master.m3u8""}, {""part"": 7, ""name"": ""Understanding the inner and outer join"", ""duration_sec"": 882.95, ""url"": ""https://cdn.masaischool.com/sal-videos/680f5de7961de35e624ece5c/67a3218ac82041cdc37438c7/master.m3u8""}, {""part"": 8, ""name"": ""Understanding the cross and self join"", ""duration_sec"": 1548.083, ""url"": ""https://cdn.masaischool.com/sal-videos/67fc1b04824e0d7b6c090379/67a321ab3dde702a6fd72b51/master.m3u8""}, {""part"": 9, ""name"": ""Understanding the cross and self join"", ""duration_sec"": 424.617, ""url"": ""https://cdn.masaischool.com/sal-videos/67b36e8889eb30ad694025bf/67a321dd3dde702a6fd72bf4/master.m3u8""}, {""part"": 10, ""name"": ""Summary"", ""duration_sec"": 1626.283, ""url"": ""https://cdn.masaischool.com/sal-videos/67d8693815193d6d14bd99bf/67a321ffa3a1f8e40adad3e1/master.m3u8""}, {""part"": 11, ""name"": ""Summary"", ""duration_sec"": 543.217, ""url"": ""https://cdn.masaischool.com/sal-videos/67d8693815193d6d14bd99bf/67a3223c3dde702a6fd72d7f/master.m3u8""}]",179m14s,PASS — SQL Topics/title,PASS,,matched (11 parts) · content-fit OK
7,7.2,SQL — Subqueries,SQL,CC_BLOCK_2_S2:Subqueries,685c366fa44425acb3cc0af4,7,"1. New Scene
2. New Scene
3. IA Discussion
4. New Scene
5. Subtopic-2 Pitfall
6. New Scene
7. Summary","1. https://cdn.masaischool.com/sal-videos/67c6ec2c392524c6d0d63886/67abb3ea4ca1ec11d8138e3c/master.m3u8
2. https://cdn.masaischool.com/sal-videos/67c6ec2c392524c6d0d63886/67abb4085c22d9156063c3c9/master.m3u8
3. https://cdn.masaischool.com/sal-videos/67d86a1915193d6d14bd9f20/67abb4c121d48360ef5cb73b/master.m3u8
4. https://cdn.masaischool.com/sal-videos/67b41b8289eb30ad69441198/67abb42721d48360ef5cb348/master.m3u8
5. https://cdn.masaischool.com/sal-videos/67e20a223a4f3930874fd1e5/67ac57022495ea095f971ee1/master.m3u8
6. https://cdn.masaischool.com/sal-videos/67b41b8289eb30ad69441198/67abb46f21d48360ef5cb50a/master.m3u8
7. https://cdn.masaischool.com/sal-videos/67d869ab15193d6d14bd9c25/67abb4995c22d9156063c729/master.m3u8","[{""part"": 1, ""name"": ""New Scene"", ""duration_sec"": 2051.55, ""url"": ""https://cdn.masaischool.com/sal-videos/67c6ec2c392524c6d0d63886/67abb3ea4ca1ec11d8138e3c/master.m3u8""}, {""part"": 2, ""name"": ""New Scene"", ""duration_sec"": 531.45, ""url"": ""https://cdn.masaischool.com/sal-videos/67c6ec2c392524c6d0d63886/67abb4085c22d9156063c3c9/master.m3u8""}, {""part"": 3, ""name"": ""IA Discussion"", ""duration_sec"": 340.417, ""url"": ""https://cdn.masaischool.com/sal-videos/67d86a1915193d6d14bd9f20/67abb4c121d48360ef5cb73b/master.m3u8""}, {""part"": 4, ""name"": ""New Scene"", ""duration_sec"": 3270.55, ""url"": ""https://cdn.masaischool.com/sal-videos/67b41b8289eb30ad69441198/67abb42721d48360ef5cb348/master.m3u8""}, {""part"": 5, ""name"": ""Subtopic-2 Pitfall"", ""duration_sec"": 733.35, ""url"": ""https://cdn.masaischool.com/sal-videos/67e20a223a4f3930874fd1e5/67ac57022495ea095f971ee1/master.m3u8""}, {""part"": 6, ""name"": ""New Scene"", ""duration_sec"": 1935.15, ""url"": ""https://cdn.masaischool.com/sal-videos/67b41b8289eb30ad69441198/67abb46f21d48360ef5cb50a/master.m3u8""}, {""part"": 7, ""name"": ""Summary"", ""duration_sec"": 189.617, ""url"": ""https://cdn.masaischool.com/sal-videos/67d869ab15193d6d14bd9c25/67abb4995c22d9156063c729/master.m3u8""}]",150m52s,PASS — SQL Topics/title,PASS,,matched (7 parts) · content-fit OK
7,7.3,SQL — Window functions: ranking data,SQL,CC_BLOCK_2_S2:Window Functions: Ranking Data in Style,685d8b8da44425acb3013e15,9,"1. Need for window functions in sql
2. Need for window functions in sql - Pitfall
3. Need for window functions in sql - IA Session
4. Understanding the structure of query
5. Understanding the structure of query - Pitfall
6. Different types of ranking window functions
7. Different types of ranking window functions - Pitfall
8. Subtopic 4
9. Summary","1. https://cdn.masaischool.com/sal-videos/680f5110961de35e624386d4/67b34bfb3224e5c4cfc9739d/master.m3u8
2. https://cdn.masaischool.com/sal-videos/6818b288961de35e6206a9c9/67b34c08afc06fd649da51bc/master.m3u8
3. https://cdn.masaischool.com/sal-videos/6818b288961de35e6206a9c9/67b34c1f3224e5c4cfc97488/master.m3u8
4. https://cdn.masaischool.com/sal-videos/685d8b8ea44425acb30149d8/67b34c353224e5c4cfc9752b/master.m3u8
5. https://cdn.masaischool.com/sal-videos/685d8b8ea44425acb30149d8/67b34c42a088b0540c0eaff4/master.m3u8
6. https://cdn.masaischool.com/sal-videos/680f5110961de35e624386d4/67b38b13a088b0540c0fece4/master.m3u8
7. https://cdn.masaischool.com/sal-videos/680f5110961de35e624386d4/67b34c5ea088b0540c0eb0a7/master.m3u8
8. https://cdn.masaischool.com/sal-videos/68468861618c426169f2a5f1/67b34c6a3224e5c4cfc9769d/master.m3u8
9. https://cdn.masaischool.com/sal-videos/6818b288961de35e6206a9c9/67b34c76afc06fd649da5521/master.m3u8","[{""part"": 1, ""name"": ""Need for window functions in sql"", ""duration_sec"": 1411.483, ""url"": ""https://cdn.masaischool.com/sal-videos/680f5110961de35e624386d4/67b34bfb3224e5c4cfc9739d/master.m3u8""}, {""part"": 2, ""name"": ""Need for window functions in sql - Pitfall"", ""duration_sec"": 641.683, ""url"": ""https://cdn.masaischool.com/sal-videos/6818b288961de35e6206a9c9/67b34c08afc06fd649da51bc/master.m3u8""}, {""part"": 3, ""name"": ""Need for window functions in sql - IA Session"", ""duration_sec"": 347.883, ""url"": ""https://cdn.masaischool.com/sal-videos/6818b288961de35e6206a9c9/67b34c1f3224e5c4cfc97488/master.m3u8""}, {""part"": 4, ""name"": ""Understanding the structure of query"", ""duration_sec"": 1771.15, ""url"": ""https://cdn.masaischool.com/sal-videos/685d8b8ea44425acb30149d8/67b34c353224e5c4cfc9752b/master.m3u8""}, {""part"": 5, ""name"": ""Understanding the structure of query - Pitfall"", ""duration_sec"": 405.35, ""url"": ""https://cdn.masaischool.com/sal-videos/685d8b8ea44425acb30149d8/67b34c42a088b0540c0eaff4/master.m3u8""}, {""part"": 6, ""name"": ""Different types of ranking window functions"", ""duration_sec"": 1701.417, ""url"": ""https://cdn.masaischool.com/sal-videos/680f5110961de35e624386d4/67b38b13a088b0540c0fece4/master.m3u8""}, {""part"": 7, ""name"": ""Different types of ranking window functions - Pitfall"", ""duration_sec"": 483.75, ""url"": ""https://cdn.masaischool.com/sal-videos/680f5110961de35e624386d4/67b34c5ea088b0540c0eb0a7/master.m3u8""}, {""part"": 8, ""name"": ""Subtopic 4"", ""duration_sec"": 1846.35, ""url"": ""https://cdn.masaischool.com/sal-videos/68468861618c426169f2a5f1/67b34c6a3224e5c4cfc9769d/master.m3u8""}, {""part"": 9, ""name"": ""Summary"", ""duration_sec"": 152.017, ""url"": ""https://cdn.masaischool.com/sal-videos/6818b288961de35e6206a9c9/67b34c76afc06fd649da5521/master.m3u8""}]",146m01s,PASS — SQL Topics/title,PASS,,matched (9 parts) · content-fit OK
8,8.1,Excel — Functions in Excel,Excel,CCP_BLOCK_1_S04: Functions in Excel,6845ea7d618c426169ee2dd8,7,"1. Scene 1
2. rev 1
3. IA Discussion
4. Scene 2
5. rev 2
6. Scene 3
7. rev 3","1. https://cdn.masaischool.com/sal-videos/6818b299961de35e620c3a88/680a4d50bfddaecdcbce0420/master.m3u8
2. https://cdn.masaischool.com/sal-videos/680f511f961de35e6247be16/680a4ee0ea5df7672d6ef4d0/master.m3u8
3. https://cdn.masaischool.com/sal-videos/6818b298961de35e620be7e0/680a50a58e3471afc1798f3e/master.m3u8
4. https://cdn.masaischool.com/sal-videos/6818b298961de35e620be7e0/680a4d79bfddaecdcbce0551/master.m3u8
5. https://cdn.masaischool.com/sal-videos/6818b298961de35e620be7e0/680a4ef7ea5df7672d6ef530/master.m3u8
6. https://cdn.masaischool.com/sal-videos/68998a3deb3c263fe60f437d/680a4d91bfddaecdcbce0635/master.m3u8
7. https://cdn.masaischool.com/sal-videos/68d271ab2a1d2494e90f0354/680a4f09bfddaecdcbce11ca/master.m3u8","[{""part"": 1, ""name"": ""Scene 1"", ""duration_sec"": 2842.2099999999828, ""url"": ""https://cdn.masaischool.com/sal-videos/6818b299961de35e620c3a88/680a4d50bfddaecdcbce0420/master.m3u8""}, {""part"": 2, ""name"": ""rev 1"", ""duration_sec"": 653.9930000000007, ""url"": ""https://cdn.masaischool.com/sal-videos/680f511f961de35e6247be16/680a4ee0ea5df7672d6ef4d0/master.m3u8""}, {""part"": 3, ""name"": ""IA Discussion"", ""duration_sec"": 401.9330000000002, ""url"": ""https://cdn.masaischool.com/sal-videos/6818b298961de35e620be7e0/680a50a58e3471afc1798f3e/master.m3u8""}, {""part"": 4, ""name"": ""Scene 2"", ""duration_sec"": 1833.967, ""url"": ""https://cdn.masaischool.com/sal-videos/6818b298961de35e620be7e0/680a4d79bfddaecdcbce0551/master.m3u8""}, {""part"": 5, ""name"": ""rev 2"", ""duration_sec"": 722.0620000000009, ""url"": ""https://cdn.masaischool.com/sal-videos/6818b298961de35e620be7e0/680a4ef7ea5df7672d6ef530/master.m3u8""}, {""part"": 6, ""name"": ""Scene 3"", ""duration_sec"": 1591.160999999998, ""url"": ""https://cdn.masaischool.com/sal-videos/68998a3deb3c263fe60f437d/680a4d91bfddaecdcbce0635/master.m3u8""}, {""part"": 7, ""name"": ""rev 3"", ""duration_sec"": 1160.4310000000005, ""url"": ""https://cdn.masaischool.com/sal-videos/68d271ab2a1d2494e90f0354/680a4f09bfddaecdcbce11ca/master.m3u8""}]",153m26s,PASS — Excel Topics/title,PASS,,matched (7 parts) · content-fit OK
8,8.2,"Excel — VLOOKUP, XLOOKUP & HLOOKUP",Excel,"cc_b4_s2 : VLookup, XLookup & HLookup",68b7b86f5585f2fcceed0032,6,"1. Scene 1
2. Scene 2
3. IA Scene
4. Scene 1
5. Scene 2
6. Scene 1","1. https://cdn.masaischool.com/sal-videos/68623937a44425acb358e0f4/6811df9735a0578c601a88bd/master.m3u8
2. https://cdn.masaischool.com/sal-videos/68ecb1ae39def7aec89e0cdd/6811dfa98a78fc5b701529f9/master.m3u8
3. https://cdn.masaischool.com/sal-videos/68ecb1ae39def7aec89e0cdd/6811dfb635a0578c601a8a39/master.m3u8
4. https://cdn.masaischool.com/sal-videos/68ecb1ae39def7aec89e0cdd/6811dfc29af7de0c15c26332/master.m3u8
5. https://cdn.masaischool.com/sal-videos/689a47d75fcb3af5972dc499/6811dfcc8a78fc5b70152b79/master.m3u8
6. https://cdn.masaischool.com/sal-videos/689a47d75fcb3af5972dc499/6811dfdb8a78fc5b70152c31/master.m3u8","[{""part"": 1, ""name"": ""Scene 1"", ""duration_sec"": 1822.1, ""url"": ""https://cdn.masaischool.com/sal-videos/68623937a44425acb358e0f4/6811df9735a0578c601a88bd/master.m3u8""}, {""part"": 2, ""name"": ""Scene 2"", ""duration_sec"": 824.967, ""url"": ""https://cdn.masaischool.com/sal-videos/68ecb1ae39def7aec89e0cdd/6811dfa98a78fc5b701529f9/master.m3u8""}, {""part"": 3, ""name"": ""IA Scene"", ""duration_sec"": 375.533, ""url"": ""https://cdn.masaischool.com/sal-videos/68ecb1ae39def7aec89e0cdd/6811dfb635a0578c601a8a39/master.m3u8""}, {""part"": 4, ""name"": ""Scene 1"", ""duration_sec"": 2369.1, ""url"": ""https://cdn.masaischool.com/sal-videos/68ecb1ae39def7aec89e0cdd/6811dfc29af7de0c15c26332/master.m3u8""}, {""part"": 5, ""name"": ""Scene 2"", ""duration_sec"": 1077.6, ""url"": ""https://cdn.masaischool.com/sal-videos/689a47d75fcb3af5972dc499/6811dfcc8a78fc5b70152b79/master.m3u8""}, {""part"": 6, ""name"": ""Scene 1"", ""duration_sec"": 1428.467, ""url"": ""https://cdn.masaischool.com/sal-videos/689a47d75fcb3af5972dc499/6811dfdb8a78fc5b70152c31/master.m3u8""}]",131m38s,PASS — Excel Topics/title,PASS,WARNING: Same CDN video set as session 8.3 (Pivot tables). Verify content before use; dump may have mislinked Pivot vs VLookup.,matched (6 parts) · content-fit OK
8,8.3,Excel — Pivot tables and charts,Excel,CCP_BLOCK_1_S04: Pivot tables and charts,684738c2618c426169074cba,6,"1. Scene 1
2. Scene 2
3. IA Scene
4. Scene 1
5. Scene 2
6. Scene 1","1. https://cdn.masaischool.com/sal-videos/68623937a44425acb358e0f4/6811df9735a0578c601a88bd/master.m3u8
2. https://cdn.masaischool.com/sal-videos/68ecb1ae39def7aec89e0cdd/6811dfa98a78fc5b701529f9/master.m3u8
3. https://cdn.masaischool.com/sal-videos/68ecb1ae39def7aec89e0cdd/6811dfb635a0578c601a8a39/master.m3u8
4. https://cdn.masaischool.com/sal-videos/68ecb1ae39def7aec89e0cdd/6811dfc29af7de0c15c26332/master.m3u8
5. https://cdn.masaischool.com/sal-videos/689a47d75fcb3af5972dc499/6811dfcc8a78fc5b70152b79/master.m3u8
6. https://cdn.masaischool.com/sal-videos/689a47d75fcb3af5972dc499/6811dfdb8a78fc5b70152c31/master.m3u8","[{""part"": 1, ""name"": ""Scene 1"", ""duration_sec"": 1822.1, ""url"": ""https://cdn.masaischool.com/sal-videos/68623937a44425acb358e0f4/6811df9735a0578c601a88bd/master.m3u8""}, {""part"": 2, ""name"": ""Scene 2"", ""duration_sec"": 824.967, ""url"": ""https://cdn.masaischool.com/sal-videos/68ecb1ae39def7aec89e0cdd/6811dfa98a78fc5b701529f9/master.m3u8""}, {""part"": 3, ""name"": ""IA Scene"", ""duration_sec"": 375.533, ""url"": ""https://cdn.masaischool.com/sal-videos/68ecb1ae39def7aec89e0cdd/6811dfb635a0578c601a8a39/master.m3u8""}, {""part"": 4, ""name"": ""Scene 1"", ""duration_sec"": 2369.1, ""url"": ""https://cdn.masaischool.com/sal-videos/68ecb1ae39def7aec89e0cdd/6811dfc29af7de0c15c26332/master.m3u8""}, {""part"": 5, ""name"": ""Scene 2"", ""duration_sec"": 1077.6, ""url"": ""https://cdn.masaischool.com/sal-videos/689a47d75fcb3af5972dc499/6811dfcc8a78fc5b70152b79/master.m3u8""}, {""part"": 6, ""name"": ""Scene 1"", ""duration_sec"": 1428.467, ""url"": ""https://cdn.masaischool.com/sal-videos/689a47d75fcb3af5972dc499/6811dfdb8a78fc5b70152c31/master.m3u8""}]",131m38s,PASS — Excel Topics/title,PASS,WARNING: Same CDN video set as session 8.2 (VLOOKUP). Verify content before use; dump may have mislinked Pivot vs VLookup.,matched (6 parts) · content-fit OK · WARNING: same CDN video set as VLookup in dump — verify
9,9.1,Excel — End-to-end dashboard,Excel,CCP_Block_1_S04: End to End Dashboard,684b121bdceadf1bb4805464,5,"1. New Scene
2. New Scene
3. New Scene
4. New Scene
5. New Scene","1. https://cdn.masaischool.com/sal-videos/687002d35b865b2f6c1fc735/68394f306fcb7db8d6cda245/master.m3u8
2. https://cdn.masaischool.com/sal-videos/687002d35b865b2f6c1fc735/68394f47c1c930f556659773/master.m3u8
3. https://cdn.masaischool.com/sal-videos/684b121bdceadf1bb4805464/68394f55c1c930f5566597de/master.m3u8
4. https://cdn.masaischool.com/sal-videos/68da528d2a1d2494e941a323/68394f62c1c930f556659824/master.m3u8
5. https://cdn.masaischool.com/sal-videos/691acf0502d7d50d9dc637c4/68394f6f71151e6b58514317/master.m3u8","[{""part"": 1, ""name"": ""New Scene"", ""duration_sec"": 1995.733, ""url"": ""https://cdn.masaischool.com/sal-videos/687002d35b865b2f6c1fc735/68394f306fcb7db8d6cda245/master.m3u8""}, {""part"": 2, ""name"": ""New Scene"", ""duration_sec"": 779.233, ""url"": ""https://cdn.masaischool.com/sal-videos/687002d35b865b2f6c1fc735/68394f47c1c930f556659773/master.m3u8""}, {""part"": 3, ""name"": ""New Scene"", ""duration_sec"": 338.267, ""url"": ""https://cdn.masaischool.com/sal-videos/684b121bdceadf1bb4805464/68394f55c1c930f5566597de/master.m3u8""}, {""part"": 4, ""name"": ""New Scene"", ""duration_sec"": 1620.2, ""url"": ""https://cdn.masaischool.com/sal-videos/68da528d2a1d2494e941a323/68394f62c1c930f556659824/master.m3u8""}, {""part"": 5, ""name"": ""New Scene"", ""duration_sec"": 1332.967, ""url"": ""https://cdn.masaischool.com/sal-videos/691acf0502d7d50d9dc637c4/68394f6f71151e6b58514317/master.m3u8""}]",101m06s,PASS — Excel Topics/title,PASS,,matched (5 parts) · content-fit OK
9,9.2,"NumPy — Arrays, operations & applications",Analytics,CC_BLOCK_2_S1:Applications of Numpy,685306bd09d27a7b709a3c83,7,"1. New Scene
2. New Scene
3. New Scene
4. New Scene
5. New Scene
6. New Scene
7. New Scene","1. https://cdn.masaischool.com/sal-videos/677e4518a70f8256bcb45ba2/677e42c7e0cb8781e5d98f86/master.m3u8
2. https://cdn.masaischool.com/sal-videos/677e4518a70f8256bcb45ba2/677e4334e0cb8781e5d99357/master.m3u8
3. https://cdn.masaischool.com/sal-videos/677e4518a70f8256bcb45ba2/677e4394e0cb8781e5d995ec/master.m3u8
4. https://cdn.masaischool.com/sal-videos/677e4518a70f8256bcb45ba2/677e43ffb935efdf9bb05e14/master.m3u8
5. https://cdn.masaischool.com/sal-videos/677e4518a70f8256bcb45ba2/677e4421e0cb8781e5d99978/master.m3u8
6. https://cdn.masaischool.com/sal-videos/677e4518a70f8256bcb45ba2/677e447bb935efdf9bb0613d/master.m3u8
7. https://cdn.masaischool.com/sal-videos/677e4518a70f8256bcb45ba2/677e449c2ce44e56b743d666/master.m3u8","[{""part"": 1, ""name"": ""New Scene"", ""duration_sec"": 2424.95, ""url"": ""https://cdn.masaischool.com/sal-videos/677e4518a70f8256bcb45ba2/677e42c7e0cb8781e5d98f86/master.m3u8""}, {""part"": 2, ""name"": ""New Scene"", ""duration_sec"": 744.883, ""url"": ""https://cdn.masaischool.com/sal-videos/677e4518a70f8256bcb45ba2/677e4334e0cb8781e5d99357/master.m3u8""}, {""part"": 3, ""name"": ""New Scene"", ""duration_sec"": 404.817, ""url"": ""https://cdn.masaischool.com/sal-videos/677e4518a70f8256bcb45ba2/677e4394e0cb8781e5d995ec/master.m3u8""}, {""part"": 4, ""name"": ""New Scene"", ""duration_sec"": 1600.35, ""url"": ""https://cdn.masaischool.com/sal-videos/677e4518a70f8256bcb45ba2/677e43ffb935efdf9bb05e14/master.m3u8""}, {""part"": 5, ""name"": ""New Scene"", ""duration_sec"": 685.817, ""url"": ""https://cdn.masaischool.com/sal-videos/677e4518a70f8256bcb45ba2/677e4421e0cb8781e5d99978/master.m3u8""}, {""part"": 6, ""name"": ""New Scene"", ""duration_sec"": 1915.15, ""url"": ""https://cdn.masaischool.com/sal-videos/677e4518a70f8256bcb45ba2/677e447bb935efdf9bb0613d/master.m3u8""}, {""part"": 7, ""name"": ""New Scene"", ""duration_sec"": 685.817, ""url"": ""https://cdn.masaischool.com/sal-videos/677e4518a70f8256bcb45ba2/677e449c2ce44e56b743d666/master.m3u8""}]",141m02s,PASS — Analytics Topics,PASS,,matched (7 parts) · content-fit OK
9,9.3,Pandas — Introduction (Series & DataFrames),Analytics,CCP_BLOCK_1: Introduction to Pandas,6840a130b3353985f57d6caf,7,"1. New Scene
2. New Scene
3. New Scene
4. New Scene
5. New Scene
6. New Scene
7. New Scene","1. https://cdn.masaischool.com/sal-videos/6777b543fc6513613e8bf4df/6777b1659c38d0850af9f076/master.m3u8
2. https://cdn.masaischool.com/sal-videos/6777b543fc6513613e8bf4df/6777b1851b5a37cd50ac6e84/master.m3u8
3. https://cdn.masaischool.com/sal-videos/6777b543fc6513613e8bf4df/6777b230f763ba76c47ffa9e/master.m3u8
4. https://cdn.masaischool.com/sal-videos/6777b543fc6513613e8bf4df/6777b1a69c38d0850af9f19e/master.m3u8
5. https://cdn.masaischool.com/sal-videos/6777b543fc6513613e8bf4df/6777b1c71b5a37cd50ac6fb2/master.m3u8
6. https://cdn.masaischool.com/sal-videos/6777b543fc6513613e8bf4df/6777b1ebf763ba76c47ff8fe/master.m3u8
7. https://cdn.masaischool.com/sal-videos/6777b543fc6513613e8bf4df/6777b20b9c38d0850af9f345/master.m3u8","[{""part"": 1, ""name"": ""New Scene"", ""duration_sec"": 2521.083, ""url"": ""https://cdn.masaischool.com/sal-videos/6777b543fc6513613e8bf4df/6777b1659c38d0850af9f076/master.m3u8""}, {""part"": 2, ""name"": ""New Scene"", ""duration_sec"": 721.017, ""url"": ""https://cdn.masaischool.com/sal-videos/6777b543fc6513613e8bf4df/6777b1851b5a37cd50ac6e84/master.m3u8""}, {""part"": 3, ""name"": ""New Scene"", ""duration_sec"": 333.417, ""url"": ""https://cdn.masaischool.com/sal-videos/6777b543fc6513613e8bf4df/6777b230f763ba76c47ffa9e/master.m3u8""}, {""part"": 4, ""name"": ""New Scene"", ""duration_sec"": 2880.883, ""url"": ""https://cdn.masaischool.com/sal-videos/6777b543fc6513613e8bf4df/6777b1a69c38d0850af9f19e/master.m3u8""}, {""part"": 5, ""name"": ""New Scene"", ""duration_sec"": 1090.283, ""url"": ""https://cdn.masaischool.com/sal-videos/6777b543fc6513613e8bf4df/6777b1c71b5a37cd50ac6fb2/master.m3u8""}, {""part"": 6, ""name"": ""New Scene"", ""duration_sec"": 1957.217, ""url"": ""https://cdn.masaischool.com/sal-videos/6777b543fc6513613e8bf4df/6777b1ebf763ba76c47ff8fe/master.m3u8""}, {""part"": 7, ""name"": ""New Scene"", ""duration_sec"": 675.417, ""url"": ""https://cdn.masaischool.com/sal-videos/6777b543fc6513613e8bf4df/6777b20b9c38d0850af9f345/master.m3u8""}]",169m39s,PASS — Analytics Topics,PASS,,matched (7 parts) · content-fit OK
10,10.1,Pandas/EDA — Data cleaning and preprocessing (from EDA case study),Analytics,CC_BLOCK_2_S1:EDA case study - 1 (Beginning),68546e3109d27a7b70ca787e,7,"1. Understanding the dataset concept
2. Understanding the dataset concept - Rev
3. New Scene
4. Data cleaning and preprocessing concept
5. Data cleaning and preprocessing concept - Rev
6. Identifying trends concept
7. Identifying trends concept - Rev","1. https://cdn.masaischool.com/sal-videos/677f887c22ed5b4ef13892a0/677f83d5f4d4de6322367c62/master.m3u8
2. https://cdn.masaischool.com/sal-videos/677f887c22ed5b4ef13892a0/677f83ef3696c2d72dc2440d/master.m3u8
3. https://cdn.masaischool.com/sal-videos/677f887c22ed5b4ef13892a0/677f84f0f4d4de63223684ce/master.m3u8
4. https://cdn.masaischool.com/sal-videos/677f887c22ed5b4ef13892a0/677f8420f4d4de6322367deb/master.m3u8
5. https://cdn.masaischool.com/sal-videos/677f887c22ed5b4ef13892a0/677f8449b48126a9b14599a1/master.m3u8
6. https://cdn.masaischool.com/sal-videos/677f887c22ed5b4ef13892a0/677f8480b48126a9b1459c81/master.m3u8
7. https://cdn.masaischool.com/sal-videos/677f887c22ed5b4ef13892a0/677f84ca3696c2d72dc24b18/master.m3u8","[{""part"": 1, ""name"": ""Understanding the dataset concept"", ""duration_sec"": 1905.617, ""url"": ""https://cdn.masaischool.com/sal-videos/677f887c22ed5b4ef13892a0/677f83d5f4d4de6322367c62/master.m3u8""}, {""part"": 2, ""name"": ""Understanding the dataset concept - Rev"", ""duration_sec"": 795.683, ""url"": ""https://cdn.masaischool.com/sal-videos/677f887c22ed5b4ef13892a0/677f83ef3696c2d72dc2440d/master.m3u8""}, {""part"": 3, ""name"": ""New Scene"", ""duration_sec"": 350.0, ""url"": ""https://cdn.masaischool.com/sal-videos/677f887c22ed5b4ef13892a0/677f84f0f4d4de63223684ce/master.m3u8""}, {""part"": 4, ""name"": ""Data cleaning and preprocessing concept"", ""duration_sec"": 2182.433, ""url"": ""https://cdn.masaischool.com/sal-videos/677f887c22ed5b4ef13892a0/677f8420f4d4de6322367deb/master.m3u8""}, {""part"": 5, ""name"": ""Data cleaning and preprocessing concept - Rev"", ""duration_sec"": 870.883, ""url"": ""https://cdn.masaischool.com/sal-videos/677f887c22ed5b4ef13892a0/677f8449b48126a9b14599a1/master.m3u8""}, {""part"": 6, ""name"": ""Identifying trends concept"", ""duration_sec"": 1571.75, ""url"": ""https://cdn.masaischool.com/sal-videos/677f887c22ed5b4ef13892a0/677f8480b48126a9b1459c81/master.m3u8""}, {""part"": 7, ""name"": ""Identifying trends concept - Rev"", ""duration_sec"": 890.55, ""url"": ""https://cdn.masaischool.com/sal-videos/677f887c22ed5b4ef13892a0/677f84ca3696c2d72dc24b18/master.m3u8""}]",142m47s,PASS — Analytics Topics,PASS,,"matched (7 parts) · content-fit OK · CONTENT NOTE — dedicated Pandas cleaning title not found; using EDA Beginning because Topics include ""Data cleaning and preprocessing"""
10,10.2,"Pandas — Grouping, filtering, and merging",Analytics,"CC_BLOCK_2_S1:Data Analysis with Pandas: Grouping, Filtering, and Merging",68507f8709d27a7b702f3c64,7,"1. New Scene
2. New Scene
3. New Scene
4. New Scene
5. New Scene
6. New Scene
7. New Scene","1. https://cdn.masaischool.com/sal-videos/67783b1069403dcc7ee45247/677836b1e7b3bfa111d4119a/master.m3u8
2. https://cdn.masaischool.com/sal-videos/67783b1069403dcc7ee45247/677836d5abb26867fdbf44b3/master.m3u8
3. https://cdn.masaischool.com/sal-videos/67783b1069403dcc7ee45247/67783896abb26867fdbf4fce/master.m3u8
4. https://cdn.masaischool.com/sal-videos/67783b1069403dcc7ee45247/677836e1978f7e6e582a550a/master.m3u8
5. https://cdn.masaischool.com/sal-videos/67783b1069403dcc7ee45247/67783702abb26867fdbf45b4/master.m3u8
6. https://cdn.masaischool.com/sal-videos/67783b1069403dcc7ee45247/677837d2abb26867fdbf4a87/master.m3u8
7. https://cdn.masaischool.com/sal-videos/67783b1069403dcc7ee45247/67783811978f7e6e582a5bd9/master.m3u8","[{""part"": 1, ""name"": ""New Scene"", ""duration_sec"": 1994.083, ""url"": ""https://cdn.masaischool.com/sal-videos/67783b1069403dcc7ee45247/677836b1e7b3bfa111d4119a/master.m3u8""}, {""part"": 2, ""name"": ""New Scene"", ""duration_sec"": 600.483, ""url"": ""https://cdn.masaischool.com/sal-videos/67783b1069403dcc7ee45247/677836d5abb26867fdbf44b3/master.m3u8""}, {""part"": 3, ""name"": ""New Scene"", ""duration_sec"": 344.817, ""url"": ""https://cdn.masaischool.com/sal-videos/67783b1069403dcc7ee45247/67783896abb26867fdbf4fce/master.m3u8""}, {""part"": 4, ""name"": ""New Scene"", ""duration_sec"": 2534.35, ""url"": ""https://cdn.masaischool.com/sal-videos/67783b1069403dcc7ee45247/677836e1978f7e6e582a550a/master.m3u8""}, {""part"": 5, ""name"": ""New Scene"", ""duration_sec"": 780.55, ""url"": ""https://cdn.masaischool.com/sal-videos/67783b1069403dcc7ee45247/67783702abb26867fdbf45b4/master.m3u8""}, {""part"": 6, ""name"": ""New Scene"", ""duration_sec"": 1812.75, ""url"": ""https://cdn.masaischool.com/sal-videos/67783b1069403dcc7ee45247/677837d2abb26867fdbf4a87/master.m3u8""}, {""part"": 7, ""name"": ""New Scene"", ""duration_sec"": 720.55, ""url"": ""https://cdn.masaischool.com/sal-videos/67783b1069403dcc7ee45247/67783811978f7e6e582a5bd9/master.m3u8""}]",146m28s,PASS — Analytics Topics,PASS,,matched (7 parts) · content-fit OK
10,10.3,Data Visualization — Matplotlib & Seaborn,Analytics,CC_BLOCK_2_S1:Data Visualization with seaborn and matplotlib,6851619c09d27a7b704f2296,7,"1. New Scene
2. New Scene
3. New Scene
4. New Scene
5. New Scene
6. New Scene
7. New Scene","1. https://cdn.masaischool.com/sal-videos/677cff50e8bba9fc7e75e44d/677cf3bf005ccdfd036c3b38/master.m3u8
2. https://cdn.masaischool.com/sal-videos/677bc550b23b8bf91d5a5587/677bbd6c005ccdfd03665a30/master.m3u8
3. https://cdn.masaischool.com/sal-videos/677bc550b23b8bf91d5a5587/677bc0d4005ccdfd0366707d/master.m3u8
4. https://cdn.masaischool.com/sal-videos/677bc550b23b8bf91d5a5587/677bbf14e7b3bfa111e17cc5/master.m3u8
5. https://cdn.masaischool.com/sal-videos/677bc550b23b8bf91d5a5587/677bbf79556e37bd1d227a54/master.m3u8
6. https://cdn.masaischool.com/sal-videos/677bc550b23b8bf91d5a5587/677bc080005ccdfd03666e05/master.m3u8
7. https://cdn.masaischool.com/sal-videos/677bc550b23b8bf91d5a5587/677bc0a9556e37bd1d228592/master.m3u8","[{""part"": 1, ""name"": ""New Scene"", ""duration_sec"": 1576.283, ""url"": ""https://cdn.masaischool.com/sal-videos/677cff50e8bba9fc7e75e44d/677cf3bf005ccdfd036c3b38/master.m3u8""}, {""part"": 2, ""name"": ""New Scene"", ""duration_sec"": 840.0, ""url"": ""https://cdn.masaischool.com/sal-videos/677bc550b23b8bf91d5a5587/677bbd6c005ccdfd03665a30/master.m3u8""}, {""part"": 3, ""name"": ""New Scene"", ""duration_sec"": 337.617, ""url"": ""https://cdn.masaischool.com/sal-videos/677bc550b23b8bf91d5a5587/677bc0d4005ccdfd0366707d/master.m3u8""}, {""part"": 4, ""name"": ""New Scene"", ""duration_sec"": 4395.35, ""url"": ""https://cdn.masaischool.com/sal-videos/677bc550b23b8bf91d5a5587/677bbf14e7b3bfa111e17cc5/master.m3u8""}, {""part"": 5, ""name"": ""New Scene"", ""duration_sec"": 835.0, ""url"": ""https://cdn.masaischool.com/sal-videos/677bc550b23b8bf91d5a5587/677bbf79556e37bd1d227a54/master.m3u8""}, {""part"": 6, ""name"": ""New Scene"", ""duration_sec"": 1350.817, ""url"": ""https://cdn.masaischool.com/sal-videos/677bc550b23b8bf91d5a5587/677bc080005ccdfd03666e05/master.m3u8""}, {""part"": 7, ""name"": ""New Scene"", ""duration_sec"": 1170.0, ""url"": ""https://cdn.masaischool.com/sal-videos/677bc550b23b8bf91d5a5587/677bc0a9556e37bd1d228592/master.m3u8""}]",175m05s,PASS — Analytics Topics,PASS,,matched (7 parts) · content-fit OK
11,11.1,EDA Case Study 2 — Beginning,Analytics,PTDSM1S4_2503_S01_DS: EDA case study - 2 (Beginning),678652078645e0134f58fbdf,7,"1. New Scene
2. New Scene
3. New Scene
4. New Scene
5. New Scene
6. New Scene
7. New Scene","1. https://cdn.masaischool.com/sal-videos/678652078645e0134f58fbdf/678644fb5c56862cc7789255/master.m3u8
2. https://cdn.masaischool.com/sal-videos/678652078645e0134f58fbdf/678644fb5c56862cc7789252/master.m3u8
3. https://cdn.masaischool.com/sal-videos/678652078645e0134f58fbdf/678644fb5c56862cc778924f/master.m3u8
4. https://cdn.masaischool.com/sal-videos/678652078645e0134f58fbdf/678644fb61e6f9f4a6ab4ebe/master.m3u8
5. https://cdn.masaischool.com/sal-videos/678652078645e0134f58fbdf/678644fb61e6f9f4a6ab4ec0/master.m3u8
6. https://cdn.masaischool.com/sal-videos/678652078645e0134f58fbdf/678644fb1ca67b92b07dd254/master.m3u8
7. https://cdn.masaischool.com/sal-videos/678652078645e0134f58fbdf/678644fb1ca67b92b07dd252/master.m3u8","[{""part"": 1, ""name"": ""New Scene"", ""duration_sec"": 2422.0, ""url"": ""https://cdn.masaischool.com/sal-videos/678652078645e0134f58fbdf/678644fb5c56862cc7789255/master.m3u8""}, {""part"": 2, ""name"": ""New Scene"", ""duration_sec"": 930.0, ""url"": ""https://cdn.masaischool.com/sal-videos/678652078645e0134f58fbdf/678644fb5c56862cc7789252/master.m3u8""}, {""part"": 3, ""name"": ""New Scene"", ""duration_sec"": 350.0, ""url"": ""https://cdn.masaischool.com/sal-videos/678652078645e0134f58fbdf/678644fb5c56862cc778924f/master.m3u8""}, {""part"": 4, ""name"": ""New Scene"", ""duration_sec"": 1633.0, ""url"": ""https://cdn.masaischool.com/sal-videos/678652078645e0134f58fbdf/678644fb61e6f9f4a6ab4ebe/master.m3u8""}, {""part"": 5, ""name"": ""New Scene"", ""duration_sec"": 867.0, ""url"": ""https://cdn.masaischool.com/sal-videos/678652078645e0134f58fbdf/678644fb61e6f9f4a6ab4ec0/master.m3u8""}, {""part"": 6, ""name"": ""New Scene"", ""duration_sec"": 2243.0, ""url"": ""https://cdn.masaischool.com/sal-videos/678652078645e0134f58fbdf/678644fb1ca67b92b07dd254/master.m3u8""}, {""part"": 7, ""name"": ""New Scene"", ""duration_sec"": 950.0, ""url"": ""https://cdn.masaischool.com/sal-videos/678652078645e0134f58fbdf/678644fb1ca67b92b07dd252/master.m3u8""}]",156m35s,PASS — Analytics Topics,PASS,,matched (7 parts) · content-fit OK
11,11.2,EDA Case Study — Conclusion,Analytics,CC_BLOCK_2_S1:EDA case study - 1 (Conclusion),6855a49709d27a7b70000b33,7,"1. Generating insights from data concept
2. Generating insights from data Revision
3. IA Discussion
4. Visualizing results concept
5. Visualizing results revision
6. Summarizing findings concept
7. Summarizing findings revision","1. https://cdn.masaischool.com/sal-videos/6780ef77bba47f70d74076b0/6780dd387c8406e54906b248/master.m3u8
2. https://cdn.masaischool.com/sal-videos/6780ef77bba47f70d74076b0/6780dcdf61e6f9f4a6926702/master.m3u8
3. https://cdn.masaischool.com/sal-videos/6780ef77bba47f70d74076b0/6780dddb7c8406e54906b584/master.m3u8
4. https://cdn.masaischool.com/sal-videos/6780ef77bba47f70d74076b0/6780dd537c8406e54906b2fd/master.m3u8
5. https://cdn.masaischool.com/sal-videos/6780ef77bba47f70d74076b0/6780dcdfb15221f868d38345/master.m3u8
6. https://cdn.masaischool.com/sal-videos/6780ef77bba47f70d74076b0/6780dd7c61e6f9f4a6926ae2/master.m3u8
7. https://cdn.masaischool.com/sal-videos/6780ef77bba47f70d74076b0/6780dcde7c8406e54906b014/master.m3u8","[{""part"": 1, ""name"": ""Generating insights from data concept"", ""duration_sec"": 2072.35, ""url"": ""https://cdn.masaischool.com/sal-videos/6780ef77bba47f70d74076b0/6780dd387c8406e54906b248/master.m3u8""}, {""part"": 2, ""name"": ""Generating insights from data Revision"", ""duration_sec"": 1010.35, ""url"": ""https://cdn.masaischool.com/sal-videos/6780ef77bba47f70d74076b0/6780dcdf61e6f9f4a6926702/master.m3u8""}, {""part"": 3, ""name"": ""IA Discussion"", ""duration_sec"": 362.0, ""url"": ""https://cdn.masaischool.com/sal-videos/6780ef77bba47f70d74076b0/6780dddb7c8406e54906b584/master.m3u8""}, {""part"": 4, ""name"": ""Visualizing results concept"", ""duration_sec"": 2535.617, ""url"": ""https://cdn.masaischool.com/sal-videos/6780ef77bba47f70d74076b0/6780dd537c8406e54906b2fd/master.m3u8""}, {""part"": 5, ""name"": ""Visualizing results revision"", ""duration_sec"": 705.883, ""url"": ""https://cdn.masaischool.com/sal-videos/6780ef77bba47f70d74076b0/6780dcdfb15221f868d38345/master.m3u8""}, {""part"": 6, ""name"": ""Summarizing findings concept"", ""duration_sec"": 2265.483, ""url"": ""https://cdn.masaischool.com/sal-videos/6780ef77bba47f70d74076b0/6780dd7c61e6f9f4a6926ae2/master.m3u8""}, {""part"": 7, ""name"": ""Summarizing findings revision"", ""duration_sec"": 723.15, ""url"": ""https://cdn.masaischool.com/sal-videos/6780ef77bba47f70d74076b0/6780dcde7c8406e54906b014/master.m3u8""}]",161m15s,PASS — Analytics Topics,PASS,,matched (7 parts) · content-fit OK
11,11.3,"Maths — Arithmetic essentials: averages, ratios, percentages",Maths,"PBAU08-MU01_S01: Arithmetic Essentials: Averages, Ratios, Percentages",6846b22b618c42616900145e,6,"1. New Scene 1.0
2. New Scene 1.1
3. New Scene 2.0
4. New Scene 2.1
5. New Scene 3.0
6. New Scene 3.1","1. https://cdn.masaischool.com/sal-videos/69280885f40b4e4e61094282/6846a3e00f8d7a05185ab40e/master.m3u8
2. https://cdn.masaischool.com/sal-videos/69280885f40b4e4e61094282/6846a3f72ea48d13d46a48ae/master.m3u8
3. https://cdn.masaischool.com/sal-videos/6862392ca44425acb355c500/6846a4022ea48d13d46a48f7/master.m3u8
4. https://cdn.masaischool.com/sal-videos/688782f914073865a3651e28/6846a40a0f8d7a05185ab55a/master.m3u8
5. https://cdn.masaischool.com/sal-videos/688782f914073865a3651e28/6846a4162ea48d13d46a4a48/master.m3u8
6. https://cdn.masaischool.com/sal-videos/6862392ca44425acb355c500/6846a4202ea48d13d46a4a9e/master.m3u8","[{""part"": 1, ""name"": ""New Scene 1.0"", ""duration_sec"": 2173.767, ""url"": ""https://cdn.masaischool.com/sal-videos/69280885f40b4e4e61094282/6846a3e00f8d7a05185ab40e/master.m3u8""}, {""part"": 2, ""name"": ""New Scene 1.1"", ""duration_sec"": 295.083, ""url"": ""https://cdn.masaischool.com/sal-videos/69280885f40b4e4e61094282/6846a3f72ea48d13d46a48ae/master.m3u8""}, {""part"": 3, ""name"": ""New Scene 2.0"", ""duration_sec"": 3316.4, ""url"": ""https://cdn.masaischool.com/sal-videos/6862392ca44425acb355c500/6846a4022ea48d13d46a48f7/master.m3u8""}, {""part"": 4, ""name"": ""New Scene 2.1"", ""duration_sec"": 399.55, ""url"": ""https://cdn.masaischool.com/sal-videos/688782f914073865a3651e28/6846a40a0f8d7a05185ab55a/master.m3u8""}, {""part"": 5, ""name"": ""New Scene 3.0"", ""duration_sec"": 2024.75, ""url"": ""https://cdn.masaischool.com/sal-videos/688782f914073865a3651e28/6846a4162ea48d13d46a4a48/master.m3u8""}, {""part"": 6, ""name"": ""New Scene 3.1"", ""duration_sec"": 496.0, ""url"": ""https://cdn.masaischool.com/sal-videos/6862392ca44425acb355c500/6846a4202ea48d13d46a4a9e/master.m3u8""}]",145m06s,PASS — Maths Topics,PASS,,matched (6 parts) · content-fit OK
12,12.1,Maths — Statistics in data science,Maths,CCP_Block_1: The Power of Numbers: Unveiling Statistics in Data Science,68409664b3353985f57d175d,9,"1. What is Statistics and Its Role in Data Science
2. Understanding Data Types (Categorical & Numerical)
3. Understanding Data Types (Categorical & Numerical) - Pitfall
4. Types of Numerical Data (Discrete & Continuous)
5. Types of Numerical Data (Discrete & Continuous) - Pitfall
6. Scales of Measurement (Nominal, Ordinal, Interval, Ratio)
7. Scales of Measurement (Nominal, Ordinal, Interval, Ratio) - Pitfall
8. IA Discussion
9. Summary","1. https://cdn.masaischool.com/sal-videos/67d963e98a19e315e7b7e1a8/67d948fccbc68914a35a86cd/master.m3u8
2. https://cdn.masaischool.com/sal-videos/682b5dc71b0b84e7b3a68c26/67d9498aefcecbdea76c243c/master.m3u8
3. https://cdn.masaischool.com/sal-videos/67d963e98a19e315e7b7e1a8/67d9497945ef0663b06c67ec/master.m3u8
4. https://cdn.masaischool.com/sal-videos/67d963e98a19e315e7b7e1a8/67d949e145ef0663b06c6af8/master.m3u8
5. https://cdn.masaischool.com/sal-videos/67d963e98a19e315e7b7e1a8/67d94a2c45ef0663b06c6cc3/master.m3u8
6. https://cdn.masaischool.com/sal-videos/67d963e98a19e315e7b7e1a8/67d94c8745ef0663b06c8179/master.m3u8
7. https://cdn.masaischool.com/sal-videos/67d963e98a19e315e7b7e1a8/67d94c7ecbc68914a35aa471/master.m3u8
8. https://cdn.masaischool.com/sal-videos/67d963e98a19e315e7b7e1a8/67d94cfb45ef0663b06c87a0/master.m3u8
9. https://cdn.masaischool.com/sal-videos/687e16a414073865a3614984/67d94d3b45ef0663b06c8b24/master.m3u8","[{""part"": 1, ""name"": ""What is Statistics and Its Role in Data Science"", ""duration_sec"": 1467.667, ""url"": ""https://cdn.masaischool.com/sal-videos/67d963e98a19e315e7b7e1a8/67d948fccbc68914a35a86cd/master.m3u8""}, {""part"": 2, ""name"": ""Understanding Data Types (Categorical & Numerical)"", ""duration_sec"": 1651.767, ""url"": ""https://cdn.masaischool.com/sal-videos/682b5dc71b0b84e7b3a68c26/67d9498aefcecbdea76c243c/master.m3u8""}, {""part"": 3, ""name"": ""Understanding Data Types (Categorical & Numerical) - Pitfall"", ""duration_sec"": 562.95, ""url"": ""https://cdn.masaischool.com/sal-videos/67d963e98a19e315e7b7e1a8/67d9497945ef0663b06c67ec/master.m3u8""}, {""part"": 4, ""name"": ""Types of Numerical Data (Discrete & Continuous)"", ""duration_sec"": 1474.883, ""url"": ""https://cdn.masaischool.com/sal-videos/67d963e98a19e315e7b7e1a8/67d949e145ef0663b06c6af8/master.m3u8""}, {""part"": 5, ""name"": ""Types of Numerical Data (Discrete & Continuous) - Pitfall"", ""duration_sec"": 419.133, ""url"": ""https://cdn.masaischool.com/sal-videos/67d963e98a19e315e7b7e1a8/67d94a2c45ef0663b06c6cc3/master.m3u8""}, {""part"": 6, ""name"": ""Scales of Measurement (Nominal, Ordinal, Interval, Ratio)"", ""duration_sec"": 1863.267, ""url"": ""https://cdn.masaischool.com/sal-videos/67d963e98a19e315e7b7e1a8/67d94c8745ef0663b06c8179/master.m3u8""}, {""part"": 7, ""name"": ""Scales of Measurement (Nominal, Ordinal, Interval, Ratio) - Pitfall"", ""duration_sec"": 456.533, ""url"": ""https://cdn.masaischool.com/sal-videos/67d963e98a19e315e7b7e1a8/67d94c7ecbc68914a35aa471/master.m3u8""}, {""part"": 8, ""name"": ""IA Discussion"", ""duration_sec"": 212.017, ""url"": ""https://cdn.masaischool.com/sal-videos/67d963e98a19e315e7b7e1a8/67d94cfb45ef0663b06c87a0/master.m3u8""}, {""part"": 9, ""name"": ""Summary"", ""duration_sec"": 49.8, ""url"": ""https://cdn.masaischool.com/sal-videos/687e16a414073865a3614984/67d94d3b45ef0663b06c8b24/master.m3u8""}]",135m58s,PASS — Maths Topics,PASS,,matched (9 parts) · content-fit OK
12,12.2,Maths — Central tendency and dispersion,Maths,PDSU04-MU02_S02: The Heart of Data: Central Tendency and Dispersion Demystified,68468868618c426169f46d3b,8,"1. Introduction to Frequency Tables and Class Intervals
2. Introduction to Frequency Tables and Class Intervals - Pitfall
3. IA Discussion
4. Visualizing Data: Histograms, Bar Charts, and Pie Charts
5. Visualizing Data: Histograms, Bar Charts, and Pie Charts - Pitfall
6. Data Distributions (Uniform, Normal, and Skewed)
7. Data Distributions (Uniform, Normal, and Skewed) - Pitfall
8. Summary","1. https://cdn.masaischool.com/sal-videos/6803dfb604872b1793cff431/67da94270f9569535c003a5e/master.m3u8
2. https://cdn.masaischool.com/sal-videos/6822fadaa6e2ef55336f6b19/67da985ade27d6cecd7e77f3/master.m3u8
3. https://cdn.masaischool.com/sal-videos/67dacd568a19e315e7f03af2/67daa886f5c570a31e709658/master.m3u8
4. https://cdn.masaischool.com/sal-videos/67dacd568a19e315e7f03af2/67da9988f5c570a31e70260c/master.m3u8
5. https://cdn.masaischool.com/sal-videos/67dacd568a19e315e7f03af2/67daa653de27d6cecd7edd6e/master.m3u8
6. https://cdn.masaischool.com/sal-videos/67dacd568a19e315e7f03af2/67daa83ff5c570a31e709477/master.m3u8
7. https://cdn.masaischool.com/sal-videos/67dacd568a19e315e7f03af2/67daa83b0f9569535c00d3c9/master.m3u8
8. https://cdn.masaischool.com/sal-videos/6803dfb604872b1793cff431/67daa86ade27d6cecd7eea2c/master.m3u8","[{""part"": 1, ""name"": ""Introduction to Frequency Tables and Class Intervals"", ""duration_sec"": 2054.717, ""url"": ""https://cdn.masaischool.com/sal-videos/6803dfb604872b1793cff431/67da94270f9569535c003a5e/master.m3u8""}, {""part"": 2, ""name"": ""Introduction to Frequency Tables and Class Intervals - Pitfall"", ""duration_sec"": 669.45, ""url"": ""https://cdn.masaischool.com/sal-videos/6822fadaa6e2ef55336f6b19/67da985ade27d6cecd7e77f3/master.m3u8""}, {""part"": 3, ""name"": ""IA Discussion"", ""duration_sec"": 299.25, ""url"": ""https://cdn.masaischool.com/sal-videos/67dacd568a19e315e7f03af2/67daa886f5c570a31e709658/master.m3u8""}, {""part"": 4, ""name"": ""Visualizing Data: Histograms, Bar Charts, and Pie Charts"", ""duration_sec"": 1915.117, ""url"": ""https://cdn.masaischool.com/sal-videos/67dacd568a19e315e7f03af2/67da9988f5c570a31e70260c/master.m3u8""}, {""part"": 5, ""name"": ""Visualizing Data: Histograms, Bar Charts, and Pie Charts - Pitfall"", ""duration_sec"": 600.017, ""url"": ""https://cdn.masaischool.com/sal-videos/67dacd568a19e315e7f03af2/67daa653de27d6cecd7edd6e/master.m3u8""}, {""part"": 6, ""name"": ""Data Distributions (Uniform, Normal, and Skewed)"", ""duration_sec"": 1918.0, ""url"": ""https://cdn.masaischool.com/sal-videos/67dacd568a19e315e7f03af2/67daa83ff5c570a31e709477/master.m3u8""}, {""part"": 7, ""name"": ""Data Distributions (Uniform, Normal, and Skewed) - Pitfall"", ""duration_sec"": 677.7, ""url"": ""https://cdn.masaischool.com/sal-videos/67dacd568a19e315e7f03af2/67daa83b0f9569535c00d3c9/master.m3u8""}, {""part"": 8, ""name"": ""Summary"", ""duration_sec"": 116.817, ""url"": ""https://cdn.masaischool.com/sal-videos/6803dfb604872b1793cff431/67daa86ade27d6cecd7eea2c/master.m3u8""}]",137m31s,PASS — Maths Topics,PASS,,matched (8 parts) · content-fit OK
12,12.3,Maths — Probability distributions,Maths,PBAU04-MU01_S02: Probability Distribution,68342d6c907eb74ce68e686a,7,"1. Introduction and Types of Probability Distribution
2. Introduction and Types of Probability Distribution - Pitfall
3. IA Discussion
4. Binomial distribution
5. Poissons distribution
6. Poissons distribution - Pitfall
7. Summary","1. https://cdn.masaischool.com/sal-videos/67e3e98a3a4f393087a756ed/67e3c7899410a0c87661c169/master.m3u8
2. https://cdn.masaischool.com/sal-videos/67e3e98a3a4f393087a756ed/67e3cb0c9410a0c87661dcd9/master.m3u8
3. https://cdn.masaischool.com/sal-videos/67e3e98a3a4f393087a756ed/67e3ce80461607a80e37a62d/master.m3u8
4. https://cdn.masaischool.com/sal-videos/6803dfb704872b1793d0664e/67e3ca58abd1019654a1f800/master.m3u8
5. https://cdn.masaischool.com/sal-videos/67f2a4d5cbc216dc7bad3888/67e3ca4263d1108f7764d2da/master.m3u8
6. https://cdn.masaischool.com/sal-videos/67f2a4d3cbc216dc7bac67ca/67e3cce1461607a80e3792a4/master.m3u8
7. https://cdn.masaischool.com/sal-videos/6803dfb704872b1793d0664e/67e3ce63461607a80e37a518/master.m3u8","[{""part"": 1, ""name"": ""Introduction and Types of Probability Distribution"", ""duration_sec"": 2002.283, ""url"": ""https://cdn.masaischool.com/sal-videos/67e3e98a3a4f393087a756ed/67e3c7899410a0c87661c169/master.m3u8""}, {""part"": 2, ""name"": ""Introduction and Types of Probability Distribution - Pitfall"", ""duration_sec"": 778.583, ""url"": ""https://cdn.masaischool.com/sal-videos/67e3e98a3a4f393087a756ed/67e3cb0c9410a0c87661dcd9/master.m3u8""}, {""part"": 3, ""name"": ""IA Discussion"", ""duration_sec"": 307.517, ""url"": ""https://cdn.masaischool.com/sal-videos/67e3e98a3a4f393087a756ed/67e3ce80461607a80e37a62d/master.m3u8""}, {""part"": 4, ""name"": ""Binomial distribution"", ""duration_sec"": 2187.2, ""url"": ""https://cdn.masaischool.com/sal-videos/6803dfb704872b1793d0664e/67e3ca58abd1019654a1f800/master.m3u8""}, {""part"": 5, ""name"": ""Poissons distribution"", ""duration_sec"": 1629.9, ""url"": ""https://cdn.masaischool.com/sal-videos/67f2a4d5cbc216dc7bad3888/67e3ca4263d1108f7764d2da/master.m3u8""}, {""part"": 6, ""name"": ""Poissons distribution - Pitfall"", ""duration_sec"": 724.033, ""url"": ""https://cdn.masaischool.com/sal-videos/67f2a4d3cbc216dc7bac67ca/67e3cce1461607a80e3792a4/master.m3u8""}, {""part"": 7, ""name"": ""Summary"", ""duration_sec"": 79.4, ""url"": ""https://cdn.masaischool.com/sal-videos/6803dfb704872b1793d0664e/67e3ce63461607a80e37a518/master.m3u8""}]",128m29s,PASS — Maths Topics,PASS,,matched (7 parts) · content-fit OK
13,13.1,Maths — Hypothesis testing & Z-test,Maths,PBAU05-MU01_S01: Testing the Hypothesis: Fundamentals of Hypothesis Testing and the Z-Test,684fcf75dceadf1bb49f1383,8,"1. New Scene 1.0
2. New Scene1.1
3. New Scene IA
4. New Scene 2.0
5. New Scene
6. New Scene 3.1
7. New Scene 3.2
8. New Scene","1. https://cdn.masaischool.com/sal-videos/68873c8014073865a35c2e16/683423306f0c463e2e0df887/master.m3u8
2. https://cdn.masaischool.com/sal-videos/68873c8014073865a35c2e16/6834234f36540bf132058389/master.m3u8
3. https://cdn.masaischool.com/sal-videos/68873c8014073865a35c2e16/683423df6f0c463e2e0dfdc2/master.m3u8
4. https://cdn.masaischool.com/sal-videos/684fcf75dceadf1bb49f1383/683423eb36540bf132058868/master.m3u8
5. https://cdn.masaischool.com/sal-videos/686b7f695b865b2f6c9fc8ad/683423fc36540bf13205891e/master.m3u8
6. https://cdn.masaischool.com/sal-videos/684fcf81dceadf1bb4a1e041/683424086f0c463e2e0dfeef/master.m3u8
7. https://cdn.masaischool.com/sal-videos/684fcf81dceadf1bb4a1e041/6834241236540bf132058a16/master.m3u8
8. https://cdn.masaischool.com/sal-videos/68873c8014073865a35c2e16/683424227195d7bad3301455/master.m3u8","[{""part"": 1, ""name"": ""New Scene 1.0"", ""duration_sec"": 1663.562, ""url"": ""https://cdn.masaischool.com/sal-videos/68873c8014073865a35c2e16/683423306f0c463e2e0df887/master.m3u8""}, {""part"": 2, ""name"": ""New Scene1.1"", ""duration_sec"": 589.521, ""url"": ""https://cdn.masaischool.com/sal-videos/68873c8014073865a35c2e16/6834234f36540bf132058389/master.m3u8""}, {""part"": 3, ""name"": ""New Scene IA"", ""duration_sec"": 296.771, ""url"": ""https://cdn.masaischool.com/sal-videos/68873c8014073865a35c2e16/683423df6f0c463e2e0dfdc2/master.m3u8""}, {""part"": 4, ""name"": ""New Scene 2.0"", ""duration_sec"": 2800.958, ""url"": ""https://cdn.masaischool.com/sal-videos/684fcf75dceadf1bb49f1383/683423eb36540bf132058868/master.m3u8""}, {""part"": 5, ""name"": ""New Scene"", ""duration_sec"": 415.5, ""url"": ""https://cdn.masaischool.com/sal-videos/686b7f695b865b2f6c9fc8ad/683423fc36540bf13205891e/master.m3u8""}, {""part"": 6, ""name"": ""New Scene 3.1"", ""duration_sec"": 2147.438, ""url"": ""https://cdn.masaischool.com/sal-videos/684fcf81dceadf1bb4a1e041/683424086f0c463e2e0dfeef/master.m3u8""}, {""part"": 7, ""name"": ""New Scene 3.2"", ""duration_sec"": 488.646, ""url"": ""https://cdn.masaischool.com/sal-videos/684fcf81dceadf1bb4a1e041/6834241236540bf132058a16/master.m3u8""}, {""part"": 8, ""name"": ""New Scene"", ""duration_sec"": 185.812, ""url"": ""https://cdn.masaischool.com/sal-videos/68873c8014073865a35c2e16/683424227195d7bad3301455/master.m3u8""}]",143m08s,PASS — Maths Topics,PASS,,matched (8 parts) · content-fit OK
13,13.2,Maths — Inferential statistics using Python,Maths,PDSU05-MU01_S03: Inferential Statistics using Python,68380c2d907eb74ce6e38b6c,8,"1. Scene 1
2. Scene 2
3. Scene IA
4. Scene 1
5. Scene 2
6. Scene 1
7. Scene 2
8. Scene Summary","1. https://cdn.masaischool.com/sal-videos/689f5ccb988b88080fcc4c1c/6837fa9873474c2687ca6862/master.m3u8
2. https://cdn.masaischool.com/sal-videos/689f5ccb988b88080fcc4c1c/6837faa26e1554aada429437/master.m3u8
3. https://cdn.masaischool.com/sal-videos/689f5ccb988b88080fcc4c1c/6837faab6e1554aada4294a4/master.m3u8
4. https://cdn.masaischool.com/sal-videos/689f5ccb988b88080fcc4c1c/6837fab4f98f4865d563ed61/master.m3u8
5. https://cdn.masaischool.com/sal-videos/68873c8014073865a35c7624/6837fabdf98f4865d563ede0/master.m3u8
6. https://cdn.masaischool.com/sal-videos/68be89525585f2fcce5c6c02/6837fac76e1554aada42961b/master.m3u8
7. https://cdn.masaischool.com/sal-videos/689f5cc1988b88080fc931bc/6837fad0f98f4865d563ee89/master.m3u8
8. https://cdn.masaischool.com/sal-videos/68be89525585f2fcce5c6c02/6837fada6e1554aada429702/master.m3u8","[{""part"": 1, ""name"": ""Scene 1"", ""duration_sec"": 1844.104, ""url"": ""https://cdn.masaischool.com/sal-videos/689f5ccb988b88080fcc4c1c/6837fa9873474c2687ca6862/master.m3u8""}, {""part"": 2, ""name"": ""Scene 2"", ""duration_sec"": 492.688, ""url"": ""https://cdn.masaischool.com/sal-videos/689f5ccb988b88080fcc4c1c/6837faa26e1554aada429437/master.m3u8""}, {""part"": 3, ""name"": ""Scene IA"", ""duration_sec"": 270.438, ""url"": ""https://cdn.masaischool.com/sal-videos/689f5ccb988b88080fcc4c1c/6837faab6e1554aada4294a4/master.m3u8""}, {""part"": 4, ""name"": ""Scene 1"", ""duration_sec"": 1090.104, ""url"": ""https://cdn.masaischool.com/sal-videos/689f5ccb988b88080fcc4c1c/6837fab4f98f4865d563ed61/master.m3u8""}, {""part"": 5, ""name"": ""Scene 2"", ""duration_sec"": 305.521, ""url"": ""https://cdn.masaischool.com/sal-videos/68873c8014073865a35c7624/6837fabdf98f4865d563ede0/master.m3u8""}, {""part"": 6, ""name"": ""Scene 1"", ""duration_sec"": 1878.75, ""url"": ""https://cdn.masaischool.com/sal-videos/68be89525585f2fcce5c6c02/6837fac76e1554aada42961b/master.m3u8""}, {""part"": 7, ""name"": ""Scene 2"", ""duration_sec"": 294.729, ""url"": ""https://cdn.masaischool.com/sal-videos/689f5cc1988b88080fc931bc/6837fad0f98f4865d563ee89/master.m3u8""}, {""part"": 8, ""name"": ""Scene Summary"", ""duration_sec"": 247.708, ""url"": ""https://cdn.masaischool.com/sal-videos/68be89525585f2fcce5c6c02/6837fada6e1554aada429702/master.m3u8""}]",107m04s,PASS — Maths Topics,PASS,,matched (8 parts) · content-fit OK
13,13.3,"Maths — Vectors, matrices, derivatives & gradient descent",Maths,not available,,0,not available,video not found,[],,REJECT/NA,n/a,,not available — Vectors/matrices/GD Topics not found
14,14.1,ML — Introduction to machine learning,ML,PDSU06-MU02_S01: Introduction to Machine Learning & Problem-Solving Approach,6847ec2f618c426169120bf6,6,"1. New Scene 1.0
2. New Scene
3. New Scene 2.0
4. New Scene 2.1
5. New Scene 3.0
6. New Scene 3.1","1. https://cdn.masaischool.com/sal-videos/687e16ae14073865a36476fa/6847e2e8f923a3909d033347/master.m3u8
2. https://cdn.masaischool.com/sal-videos/687e16ae14073865a36476fa/6847e2f5a66f021e466dc091/master.m3u8
3. https://cdn.masaischool.com/sal-videos/68d271a82a1d2494e90db3ef/6847e305f923a3909d0335cf/master.m3u8
4. https://cdn.masaischool.com/sal-videos/68d271a82a1d2494e90db3ef/6847e30ea66f021e466dc2db/master.m3u8
5. https://cdn.masaischool.com/sal-videos/68d271a82a1d2494e90db3ef/6847e317a66f021e466dc3e4/master.m3u8
6. https://cdn.masaischool.com/sal-videos/68d271a82a1d2494e90db3ef/6847e320f923a3909d03385d/master.m3u8","[{""part"": 1, ""name"": ""New Scene 1.0"", ""duration_sec"": 2449.017, ""url"": ""https://cdn.masaischool.com/sal-videos/687e16ae14073865a36476fa/6847e2e8f923a3909d033347/master.m3u8""}, {""part"": 2, ""name"": ""New Scene"", ""duration_sec"": 253.817, ""url"": ""https://cdn.masaischool.com/sal-videos/687e16ae14073865a36476fa/6847e2f5a66f021e466dc091/master.m3u8""}, {""part"": 3, ""name"": ""New Scene 2.0"", ""duration_sec"": 1713.7, ""url"": ""https://cdn.masaischool.com/sal-videos/68d271a82a1d2494e90db3ef/6847e305f923a3909d0335cf/master.m3u8""}, {""part"": 4, ""name"": ""New Scene 2.1"", ""duration_sec"": 177.767, ""url"": ""https://cdn.masaischool.com/sal-videos/68d271a82a1d2494e90db3ef/6847e30ea66f021e466dc2db/master.m3u8""}, {""part"": 5, ""name"": ""New Scene 3.0"", ""duration_sec"": 1036.567, ""url"": ""https://cdn.masaischool.com/sal-videos/68d271a82a1d2494e90db3ef/6847e317a66f021e466dc3e4/master.m3u8""}, {""part"": 6, ""name"": ""New Scene 3.1"", ""duration_sec"": 194.567, ""url"": ""https://cdn.masaischool.com/sal-videos/68d271a82a1d2494e90db3ef/6847e320f923a3909d03385d/master.m3u8""}]",97m05s,PASS — ML Topics/title,PASS,,matched (6 parts) · content-fit OK
14,14.2,ML — Encoding & linear regression,ML,PDSU06-MU02_S04: Encoding & Linear Regression,684c0917dceadf1bb4852a77,9,"1. New Scene 1.0
2. New Scene 1.1
3. New Scene IA
4. New Scene 2.0
5. New Scene 2.1
6. New Scene 3.0
7. New Scene 3.1
8. New Scene 4.0
9. New Scene 4.1","1. https://cdn.masaischool.com/sal-videos/68623933a44425acb3579ee2/684bf9b6c4269590ab7245aa/master.m3u8
2. https://cdn.masaischool.com/sal-videos/68623933a44425acb3579ee2/684bf9c490b0148cd244b223/master.m3u8
3. https://cdn.masaischool.com/sal-videos/684c0917dceadf1bb4852a77/684bfa7a90b0148cd244b83a/master.m3u8
4. https://cdn.masaischool.com/sal-videos/68987df0eb3c263fe60a3601/684bf9d384f5064184ae259e/master.m3u8
5. https://cdn.masaischool.com/sal-videos/68987df0eb3c263fe60a3601/684bf9e1c4269590ab7247a3/master.m3u8
6. https://cdn.masaischool.com/sal-videos/68623933a44425acb3579ee2/684bf9f2c4269590ab724832/master.m3u8
7. https://cdn.masaischool.com/sal-videos/684c0917dceadf1bb4852a77/684bf9fb84f5064184ae270e/master.m3u8
8. https://cdn.masaischool.com/sal-videos/68623933a44425acb3579ee2/684bfa0584f5064184ae2780/master.m3u8
9. https://cdn.masaischool.com/sal-videos/68623933a44425acb3579ee2/684bfa1390b0148cd244b4d0/master.m3u8","[{""part"": 1, ""name"": ""New Scene 1.0"", ""duration_sec"": 1028.433, ""url"": ""https://cdn.masaischool.com/sal-videos/68623933a44425acb3579ee2/684bf9b6c4269590ab7245aa/master.m3u8""}, {""part"": 2, ""name"": ""New Scene 1.1"", ""duration_sec"": 301.367, ""url"": ""https://cdn.masaischool.com/sal-videos/68623933a44425acb3579ee2/684bf9c490b0148cd244b223/master.m3u8""}, {""part"": 3, ""name"": ""New Scene IA"", ""duration_sec"": 300.7, ""url"": ""https://cdn.masaischool.com/sal-videos/684c0917dceadf1bb4852a77/684bfa7a90b0148cd244b83a/master.m3u8""}, {""part"": 4, ""name"": ""New Scene 2.0"", ""duration_sec"": 1860.3, ""url"": ""https://cdn.masaischool.com/sal-videos/68987df0eb3c263fe60a3601/684bf9d384f5064184ae259e/master.m3u8""}, {""part"": 5, ""name"": ""New Scene 2.1"", ""duration_sec"": 280.567, ""url"": ""https://cdn.masaischool.com/sal-videos/68987df0eb3c263fe60a3601/684bf9e1c4269590ab7247a3/master.m3u8""}, {""part"": 6, ""name"": ""New Scene 3.0"", ""duration_sec"": 1741.5, ""url"": ""https://cdn.masaischool.com/sal-videos/68623933a44425acb3579ee2/684bf9f2c4269590ab724832/master.m3u8""}, {""part"": 7, ""name"": ""New Scene 3.1"", ""duration_sec"": 295.9, ""url"": ""https://cdn.masaischool.com/sal-videos/684c0917dceadf1bb4852a77/684bf9fb84f5064184ae270e/master.m3u8""}, {""part"": 8, ""name"": ""New Scene 4.0"", ""duration_sec"": 1464.967, ""url"": ""https://cdn.masaischool.com/sal-videos/68623933a44425acb3579ee2/684bfa0584f5064184ae2780/master.m3u8""}, {""part"": 9, ""name"": ""New Scene 4.1"", ""duration_sec"": 265.367, ""url"": ""https://cdn.masaischool.com/sal-videos/68623933a44425acb3579ee2/684bfa1390b0148cd244b4d0/master.m3u8""}]",125m39s,PASS — ML Topics/title,PASS,,matched (9 parts) · content-fit OK
14,14.3,ML — Logistic regression,ML,PDSU06-MU02_S01: Logistic Regression,68513d8709d27a7b70442869,7,"1. New Scene 1.0
2. New Scene 1.1
3. New Scene IA
4. New Scene 2.0
5. New Scene 2.1
6. New Scene 3.0
7. New Scene 3.1","1. https://cdn.masaischool.com/sal-videos/68513d8709d27a7b70442869/6851353aa66ac7f8a5c53159/master.m3u8
2. https://cdn.masaischool.com/sal-videos/689f5ccc988b88080fcc8980/6851356f366e568bf4c9866b/master.m3u8
3. https://cdn.masaischool.com/sal-videos/686b7f6a5b865b2f6ca04ed6/685135d6a66ac7f8a5c5366b/master.m3u8
4. https://cdn.masaischool.com/sal-videos/686b7f6a5b865b2f6ca04ed6/685135a7a66ac7f8a5c53504/master.m3u8
5. https://cdn.masaischool.com/sal-videos/686b7f6a5b865b2f6ca04ed6/68513604006b47432e3a57d9/master.m3u8
6. https://cdn.masaischool.com/sal-videos/686b7f6a5b865b2f6ca04ed6/6851360ea66ac7f8a5c53801/master.m3u8
7. https://cdn.masaischool.com/sal-videos/686b7f6a5b865b2f6ca04ed6/68513617366e568bf4c98b23/master.m3u8","[{""part"": 1, ""name"": ""New Scene 1.0"", ""duration_sec"": 3076.433, ""url"": ""https://cdn.masaischool.com/sal-videos/68513d8709d27a7b70442869/6851353aa66ac7f8a5c53159/master.m3u8""}, {""part"": 2, ""name"": ""New Scene 1.1"", ""duration_sec"": 303.9, ""url"": ""https://cdn.masaischool.com/sal-videos/689f5ccc988b88080fcc8980/6851356f366e568bf4c9866b/master.m3u8""}, {""part"": 3, ""name"": ""New Scene IA"", ""duration_sec"": 343.367, ""url"": ""https://cdn.masaischool.com/sal-videos/686b7f6a5b865b2f6ca04ed6/685135d6a66ac7f8a5c5366b/master.m3u8""}, {""part"": 4, ""name"": ""New Scene 2.0"", ""duration_sec"": 1956.833, ""url"": ""https://cdn.masaischool.com/sal-videos/686b7f6a5b865b2f6ca04ed6/685135a7a66ac7f8a5c53504/master.m3u8""}, {""part"": 5, ""name"": ""New Scene 2.1"", ""duration_sec"": 312.433, ""url"": ""https://cdn.masaischool.com/sal-videos/686b7f6a5b865b2f6ca04ed6/68513604006b47432e3a57d9/master.m3u8""}, {""part"": 6, ""name"": ""New Scene 3.0"", ""duration_sec"": 1577.233, ""url"": ""https://cdn.masaischool.com/sal-videos/686b7f6a5b865b2f6ca04ed6/6851360ea66ac7f8a5c53801/master.m3u8""}, {""part"": 7, ""name"": ""New Scene 3.1"", ""duration_sec"": 314.833, ""url"": ""https://cdn.masaischool.com/sal-videos/686b7f6a5b865b2f6ca04ed6/68513617366e568bf4c98b23/master.m3u8""}]",131m25s,PASS — ML Topics/title,PASS,,matched (7 parts) · content-fit OK
15,15.1,ML — Decision trees,ML,PDSU06-MU02_S04: Decision Tree,685530e109d27a7b70e921c1,7,"1. New Scene 1.0
2. New Scene 1.1
3. New Scene IA
4. New Scene 2.0
5. New Scene 2.1
6. New Scene 3.0
7. New Scene 3.1","1. https://cdn.masaischool.com/sal-videos/686b7f6b5b865b2f6ca0b640/685528fac00d01d5374bb81e/master.m3u8
2. https://cdn.masaischool.com/sal-videos/686b7f6b5b865b2f6ca0b640/68552904c00d01d5374bb88b/master.m3u8
3. https://cdn.masaischool.com/sal-videos/685530e109d27a7b70e921c1/685529103f5b603c8712bd94/master.m3u8
4. https://cdn.masaischool.com/sal-videos/68873c8214073865a35d1b4f/6855291e3f5b603c8712bdec/master.m3u8
5. https://cdn.masaischool.com/sal-videos/68be89585585f2fcce5f33f5/685529273f5b603c8712be41/master.m3u8
6. https://cdn.masaischool.com/sal-videos/68be89585585f2fcce5f33f5/68552930c00d01d5374bb9f1/master.m3u8
7. https://cdn.masaischool.com/sal-videos/68be89585585f2fcce5f33f5/6855293b3f5b603c8712bef7/master.m3u8","[{""part"": 1, ""name"": ""New Scene 1.0"", ""duration_sec"": 1946.167, ""url"": ""https://cdn.masaischool.com/sal-videos/686b7f6b5b865b2f6ca0b640/685528fac00d01d5374bb81e/master.m3u8""}, {""part"": 2, ""name"": ""New Scene 1.1"", ""duration_sec"": 241.233, ""url"": ""https://cdn.masaischool.com/sal-videos/686b7f6b5b865b2f6ca0b640/68552904c00d01d5374bb88b/master.m3u8""}, {""part"": 3, ""name"": ""New Scene IA"", ""duration_sec"": 315.367, ""url"": ""https://cdn.masaischool.com/sal-videos/685530e109d27a7b70e921c1/685529103f5b603c8712bd94/master.m3u8""}, {""part"": 4, ""name"": ""New Scene 2.0"", ""duration_sec"": 2161.9, ""url"": ""https://cdn.masaischool.com/sal-videos/68873c8214073865a35d1b4f/6855291e3f5b603c8712bdec/master.m3u8""}, {""part"": 5, ""name"": ""New Scene 2.1"", ""duration_sec"": 242.567, ""url"": ""https://cdn.masaischool.com/sal-videos/68be89585585f2fcce5f33f5/685529273f5b603c8712be41/master.m3u8""}, {""part"": 6, ""name"": ""New Scene 3.0"", ""duration_sec"": 754.167, ""url"": ""https://cdn.masaischool.com/sal-videos/68be89585585f2fcce5f33f5/68552930c00d01d5374bb9f1/master.m3u8""}, {""part"": 7, ""name"": ""New Scene 3.1"", ""duration_sec"": 181.1, ""url"": ""https://cdn.masaischool.com/sal-videos/68be89585585f2fcce5f33f5/6855293b3f5b603c8712bef7/master.m3u8""}]",97m23s,PASS — ML Topics/title,PASS,,matched (7 parts) · content-fit OK
15,15.2,ML — Random forest,ML,PDSU06-MU02_S01: Random Forest,685a96e6a44425acb388dce5,7,"1. New Scene 1.0
2. New Scene 1.1
3. New Scene IA
4. New Scene 2.0
5. New Scene 2.1
6. New Scene 3.0
7. New Scene 3.1","1. https://cdn.masaischool.com/sal-videos/6874fce05b865b2f6c451a0d/685a8cfcdb962067e0e71a72/master.m3u8
2. https://cdn.masaischool.com/sal-videos/685a96e6a44425acb388dce5/685a8d0554ab24a41a37822b/master.m3u8
3. https://cdn.masaischool.com/sal-videos/685a96e6a44425acb388dce5/685a8d0ddb962067e0e71b45/master.m3u8
4. https://cdn.masaischool.com/sal-videos/68c7f80575af73abc4b13ccc/685a8d15db962067e0e71bad/master.m3u8
5. https://cdn.masaischool.com/sal-videos/688782f614073865a364180d/685a8d1cdb962067e0e71bf6/master.m3u8
6. https://cdn.masaischool.com/sal-videos/68a5c823fb2230f4566c3e01/685a8d25beff34efeffa051a/master.m3u8
7. https://cdn.masaischool.com/sal-videos/68c7f80575af73abc4b13ccc/685a8d2edb962067e0e71ca1/master.m3u8","[{""part"": 1, ""name"": ""New Scene 1.0"", ""duration_sec"": 1206.833, ""url"": ""https://cdn.masaischool.com/sal-videos/6874fce05b865b2f6c451a0d/685a8cfcdb962067e0e71a72/master.m3u8""}, {""part"": 2, ""name"": ""New Scene 1.1"", ""duration_sec"": 301.767, ""url"": ""https://cdn.masaischool.com/sal-videos/685a96e6a44425acb388dce5/685a8d0554ab24a41a37822b/master.m3u8""}, {""part"": 3, ""name"": ""New Scene IA"", ""duration_sec"": 314.167, ""url"": ""https://cdn.masaischool.com/sal-videos/685a96e6a44425acb388dce5/685a8d0ddb962067e0e71b45/master.m3u8""}, {""part"": 4, ""name"": ""New Scene 2.0"", ""duration_sec"": 785.367, ""url"": ""https://cdn.masaischool.com/sal-videos/68c7f80575af73abc4b13ccc/685a8d15db962067e0e71bad/master.m3u8""}, {""part"": 5, ""name"": ""New Scene 2.1"", ""duration_sec"": 305.367, ""url"": ""https://cdn.masaischool.com/sal-videos/688782f614073865a364180d/685a8d1cdb962067e0e71bf6/master.m3u8""}, {""part"": 6, ""name"": ""New Scene 3.0"", ""duration_sec"": 1441.9, ""url"": ""https://cdn.masaischool.com/sal-videos/68a5c823fb2230f4566c3e01/685a8d25beff34efeffa051a/master.m3u8""}, {""part"": 7, ""name"": ""New Scene 3.1"", ""duration_sec"": 301.633, ""url"": ""https://cdn.masaischool.com/sal-videos/68c7f80575af73abc4b13ccc/685a8d2edb962067e0e71ca1/master.m3u8""}]",77m37s,PASS — ML Topics/title,PASS,,matched (7 parts) · content-fit OK
15,15.3,ML — K-Means clustering,ML,PDSU06-MU02_S02: K-Means Clustering,685bd7c4a44425acb3b905ab,5,"1. Scene 1
2. Scene 2
3. Scene IA
4. Scene 1
5. Scene 2","1. https://cdn.masaischool.com/sal-videos/68a9ae84fb2230f45693de28/685bc4ce530904ec67b5a0bc/master.m3u8
2. https://cdn.masaischool.com/sal-videos/68a9ae84fb2230f45693de28/685bc4dca6c174c3ca7eb8f6/master.m3u8
3. https://cdn.masaischool.com/sal-videos/68a9ae84fb2230f45693de28/685bc4ee530904ec67b5a1c2/master.m3u8
4. https://cdn.masaischool.com/sal-videos/68a9ae84fb2230f45693de28/685bc4f9da5f39a3fc064a59/master.m3u8
5. https://cdn.masaischool.com/sal-videos/692803aaf40b4e4e61087c77/685bc507530904ec67b5a29b/master.m3u8","[{""part"": 1, ""name"": ""Scene 1"", ""duration_sec"": 1760.7, ""url"": ""https://cdn.masaischool.com/sal-videos/68a9ae84fb2230f45693de28/685bc4ce530904ec67b5a0bc/master.m3u8""}, {""part"": 2, ""name"": ""Scene 2"", ""duration_sec"": 243.1, ""url"": ""https://cdn.masaischool.com/sal-videos/68a9ae84fb2230f45693de28/685bc4dca6c174c3ca7eb8f6/master.m3u8""}, {""part"": 3, ""name"": ""Scene IA"", ""duration_sec"": 300.967, ""url"": ""https://cdn.masaischool.com/sal-videos/68a9ae84fb2230f45693de28/685bc4ee530904ec67b5a1c2/master.m3u8""}, {""part"": 4, ""name"": ""Scene 1"", ""duration_sec"": 601.5, ""url"": ""https://cdn.masaischool.com/sal-videos/68a9ae84fb2230f45693de28/685bc4f9da5f39a3fc064a59/master.m3u8""}, {""part"": 5, ""name"": ""Scene 2"", ""duration_sec"": 302.3, ""url"": ""https://cdn.masaischool.com/sal-videos/692803aaf40b4e4e61087c77/685bc507530904ec67b5a29b/master.m3u8""}]",53m29s,PASS — ML Topics/title,PASS,,matched (5 parts) · content-fit OK
